#
# There is insufficient memory for the Java Runtime Environment to continue.
# Native memory allocation (malloc) failed to allocate 32744 bytes for ChunkPool::allocate
# Possible reasons:
#   The system is out of physical RAM or swap space
#   The process is running with CompressedOops enabled, and the Java Heap may be blocking the growth of the native heap
# Possible solutions:
#   Reduce memory load on the system
#   Increase physical memory or swap space
#   Check if swap backing store is full
#   Decrease Java heap size (-Xmx/-Xms)
#   Decrease number of Java threads
#   Decrease Java thread stack sizes (-Xss)
#   Set larger code cache with -XX:ReservedCodeCacheSize=
#   JVM is running with Unscaled Compressed Oops mode in which the Java heap is
#     placed in the first 4GB address space. The Java Heap base address is the
#     maximum limit for the native heap growth. Please use -XX:HeapBaseMinAddress
#     to set the Java Heap base and to place the Java Heap above 4GB virtual address.
# This output file may be truncated or incomplete.
#
#  Out of Memory Error (arena.cpp:78), pid=27204, tid=27596
#
# JRE version: Java(TM) SE Runtime Environment (17.0.13+10) (build 17.0.13+10-LTS-268)
# Java VM: Java HotSpot(TM) 64-Bit Server VM (17.0.13+10-LTS-268, mixed mode, sharing, tiered, compressed oops, compressed class ptrs, g1 gc, windows-amd64)
# No core dump will be written. Minidumps are not enabled by default on client versions of Windows
#

---------------  S U M M A R Y ------------

Command Line: --add-opens=java.base/java.lang=ALL-UNNAMED --add-opens=java.base/java.lang.invoke=ALL-UNNAMED --add-opens=java.base/java.util=ALL-UNNAMED --add-opens=java.prefs/java.util.prefs=ALL-UNNAMED --add-exports=jdk.compiler/com.sun.tools.javac.api=ALL-UNNAMED --add-exports=jdk.compiler/com.sun.tools.javac.util=ALL-UNNAMED --add-opens=java.base/java.util=ALL-UNNAMED --add-opens=java.prefs/java.util.prefs=ALL-UNNAMED --add-opens=java.base/java.nio.charset=ALL-UNNAMED --add-opens=java.base/java.net=ALL-UNNAMED --add-opens=java.base/java.util.concurrent.atomic=ALL-UNNAMED --add-opens=java.xml/javax.xml.namespace=ALL-UNNAMED -XX:MaxMetaspaceSize=512m -Xmx2048m -Dfile.encoding=windows-1252 -Duser.country=FR -Duser.language=fr -Duser.variant -javaagent:C:\Users\hr.ouedraogo\.gradle\wrapper\dists\gradle-8.13-bin\5xuhj0ry160q40clulazy9h7d\gradle-8.13\lib\agents\gradle-instrumentation-agent-8.13.jar org.gradle.launcher.daemon.bootstrap.GradleDaemon 8.13

Host: 13th Gen Intel(R) Core(TM) i7-13700H, 20 cores, 15G,  Windows 11 , 64 bit Build 22621 (10.0.22621.5124)
Time: Sun May 11 17:26:36 2025 Temps universel coordonné elapsed time: 136.924589 seconds (0d 0h 2m 16s)

---------------  T H R E A D  ---------------

Current thread (0x000002acff30d8f0):  JavaThread "Asynchronous log dispatcher for DefaultDaemonConnection: socket connection from /127.0.0.1:59928 to /127.0.0.1:59929" [_thread_in_vm, id=27596, stack(0x000000b6ce900000,0x000000b6cea00000)]

Stack: [0x000000b6ce900000,0x000000b6cea00000]
Native frames: (J=compiled Java code, j=interpreted, Vv=VM code, C=native code)
V  [jvm.dll+0x67a23a]
V  [jvm.dll+0x7da96d]
V  [jvm.dll+0x7dc2b3]
V  [jvm.dll+0x7dc923]
V  [jvm.dll+0x2450ef]
V  [jvm.dll+0xab9c4]
V  [jvm.dll+0xabd5c]
V  [jvm.dll+0x6fde4d]
V  [jvm.dll+0x7cbfc9]
V  [jvm.dll+0x7c822e]
V  [jvm.dll+0x36e49a]
V  [jvm.dll+0x36d574]
V  [jvm.dll+0x36d518]
V  [jvm.dll+0x37d23a]
C  0x000002ace81eb6f0

Java frames: (J=compiled Java code, j=interpreted, Vv=VM code)
j  org.gradle.internal.serialize.AbstractEncoder.getOutputStream()Ljava/io/OutputStream;+8
j  org.gradle.internal.serialize.BaseSerializerFactory$ThrowableSerializer.write(Lorg/gradle/internal/serialize/Encoder;Ljava/lang/Throwable;)V+2
j  org.gradle.internal.serialize.BaseSerializerFactory$ThrowableSerializer.write(Lorg/gradle/internal/serialize/Encoder;Ljava/lang/Object;)V+6
j  org.gradle.internal.logging.serializer.LogEventSerializer.write(Lorg/gradle/internal/serialize/Encoder;Lorg/gradle/internal/logging/events/LogEvent;)V+53
j  org.gradle.internal.logging.serializer.LogEventSerializer.write(Lorg/gradle/internal/serialize/Encoder;Ljava/lang/Object;)V+6
J 9678 c1 org.gradle.internal.serialize.DefaultSerializerRegistry$TaggedTypeSerializer.write(Lorg/gradle/internal/serialize/Encoder;Ljava/lang/Object;)V (37 bytes) @ 0x000002ace1e9badc [0x000002ace1e9b760+0x000000000000037c]
J 18360 c1 org.gradle.launcher.daemon.protocol.DaemonMessageSerializer$OutputMessageSerializer.write(Lorg/gradle/internal/serialize/Encoder;Ljava/lang/Object;)V (10 bytes) @ 0x000002ace2aecd34 [0x000002ace2aecac0+0x0000000000000274]
J 9678 c1 org.gradle.internal.serialize.DefaultSerializerRegistry$TaggedTypeSerializer.write(Lorg/gradle/internal/serialize/Encoder;Ljava/lang/Object;)V (37 bytes) @ 0x000002ace1e9badc [0x000002ace1e9b760+0x000000000000037c]
J 16645 c1 org.gradle.internal.remote.internal.inet.SocketConnection.dispatch(Ljava/lang/Object;)V (134 bytes) @ 0x000002ace0fe1dac [0x000002ace0fe1be0+0x00000000000001cc]
J 16644 c1 org.gradle.launcher.daemon.server.SynchronizedDispatchConnection.dispatchAndFlush(Ljava/lang/Object;)V (118 bytes) @ 0x000002ace1b2d754 [0x000002ace1b2d2e0+0x0000000000000474]
J 18357 c1 org.gradle.launcher.daemon.server.exec.LogToClient$AsynchronousLogDispatcher.dispatchAsync(Lorg/gradle/internal/logging/events/OutputEvent;)V (33 bytes) @ 0x000002ace2aea20c [0x000002ace2ae9f80+0x000000000000028c]
j  org.gradle.launcher.daemon.server.exec.LogToClient$AsynchronousLogDispatcher.run()V+35
v  ~StubRoutines::call_stub

---------------  P R O C E S S  ---------------

Threads class SMR info:
_java_thread_list=0x000002ac9f432a80, length=301, elements={
0x000002acd94c5fa0, 0x000002acf86f1310, 0x000002acf86f2190, 0x000002acf8708130,
0x000002acf870ab00, 0x000002acf870b4c0, 0x000002acf870be80, 0x000002acf870cc20,
0x000002acf870d6d0, 0x000002acf87135e0, 0x000002acf8897c20, 0x000002acf89eb290,
0x000002acff4630b0, 0x000002acfe0a3d20, 0x000002acfd3a2180, 0x000002acff30f5c0,
0x000002acff30de00, 0x000002acff30ced0, 0x000002acff30b070, 0x000002acff30d8f0,
0x000002acff30d3e0, 0x000002acff30e310, 0x000002acff30b580, 0x000002acff30e820,
0x000002acff30ba90, 0x000002acff30c4b0, 0x000002acff30c9c0, 0x000002ac9bce4bc0,
0x000002ac9bcde170, 0x000002ac9bcdf5b0, 0x000002ac9bce3270, 0x000002ac9bce04e0,
0x000002ac9bcdeb90, 0x000002ac9bce41a0, 0x000002ac9bcdffd0, 0x000002ac9bcdfac0,
0x000002ac9bce2850, 0x000002ac9bce1920, 0x000002ac9bcdf0a0, 0x000002ac9bce46b0,
0x000002ac9bcde680, 0x000002ac9bce2d60, 0x000002ac9bce09f0, 0x000002ac9bcdd750,
0x000002ac9bce3c90, 0x000002ac9bce0f00, 0x000002ac9bce50d0, 0x000002ac9bce2340,
0x000002ac9bce1e30, 0x000002ac9bcddc60, 0x000002ac9d49e090, 0x000002ac9d49efc0,
0x000002ac9d49a3d0, 0x000002ac9d49adf0, 0x000002ac9d49c230, 0x000002ac9d49b300,
0x000002ac9d49d160, 0x000002ac9d498060, 0x000002ac9d49e5a0, 0x000002ac9d49d670,
0x000002ac9d498f90, 0x000002ac9d49eab0, 0x000002ac9d49f9e0, 0x000002ac9d49db80,
0x000002ac9d49f4d0, 0x000002ac9d4994a0, 0x000002ac9d498570, 0x000002ac9d49a8e0,
0x000002ac9d49c740, 0x000002ac9d4999b0, 0x000002ac9d49cc50, 0x000002ac9d498a80,
0x000002ac9d49b810, 0x000002ac9d499ec0, 0x000002ac9d49bd20, 0x000002ac9eb2c690,
0x000002ac9eb2c180, 0x000002ac9eb2f420, 0x000002ac9eb289d0, 0x000002ac9eb29e10,
0x000002ac9eb2b250, 0x000002ac9eb2a320, 0x000002ac9eb2cba0, 0x000002ac9eb284c0,
0x000002ac9eb2b760, 0x000002ac9eb293f0, 0x000002ac9eb2bc70, 0x000002ac9eb2d0b0,
0x000002ac9eb29900, 0x000002ac9eb2d5c0, 0x000002ac9eb2dfe0, 0x000002ac9eb2e4f0,
0x000002ac9eb2dad0, 0x000002ac9eb2ea00, 0x000002ac9eb2a830, 0x000002ac9eb2ef10,
0x000002ac9eb27fb0, 0x000002ac9eb2f930, 0x000002ac9eb28ee0, 0x000002ac9eb2ad40,
0x000002ac9e2dee20, 0x000002ac9e2dc090, 0x000002ac9e2dc5a0, 0x000002ac9e2dcfc0,
0x000002ac9e2dd9e0, 0x000002ac9c81d0e0, 0x000002ac9c81c6c0, 0x000002ac9c81f450,
0x000002ac9c81cbd0, 0x000002ac9c81bca0, 0x000002ac9c81fe70, 0x000002ac9c818f10,
0x000002ac9c819930, 0x000002ac9c81ef40, 0x000002ac9c81d5f0, 0x000002ac9c820380,
0x000002ac9c81db00, 0x000002ac9c81e010, 0x000002ac9c820890, 0x000002ac9c819420,
0x000002ac9c81ea30, 0x000002ac9c81b280, 0x000002ac9c819e40, 0x000002ac9c81ad70,
0x000002ac9c81b790, 0x000002ac9c81c1b0, 0x000002ac9b78fd60, 0x000002ac9b78f850,
0x000002ac9b795370, 0x000002ac9b7911a0, 0x000002ac9b7967b0, 0x000002ac9b792af0,
0x000002ac9b790780, 0x000002ac9b795880, 0x000002ac9b794e60, 0x000002ac9b7916b0,
0x000002ac9b793000, 0x000002ac9b790c90, 0x000002ac9b794950, 0x000002ac9b793f30,
0x000002ac9b790270, 0x000002ac9b794440, 0x000002ac9b791bc0, 0x000002ac9b7920d0,
0x000002ac9b793510, 0x000002ac9b793a20, 0x000002ac9b795d90, 0x000002ac9b7962a0,
0x000002ac9b78f340, 0x000002ac9b579790, 0x000002ac9b57bb00, 0x000002ac9b57e890,
0x000002ac9b578d70, 0x000002ac9b5806f0, 0x000002ac9b57a1b0, 0x000002ac9b57f2b0,
0x000002ac9b57e380, 0x000002ac9b57eda0, 0x000002ac9b57de70, 0x000002ac9b57a6c0,
0x000002ac9b57c010, 0x000002ac9b57b5f0, 0x000002ac9b57d960, 0x000002ac9b57f7c0,
0x000002ac9b57b0e0, 0x000002ac9b579ca0, 0x000002ac9b579280, 0x000002ac9b57c520,
0x000002ac9b57fcd0, 0x000002ac9b57abd0, 0x000002ac9b57ca30, 0x000002ac9b5801e0,
0x000002ac9b57cf40, 0x000002ac9b57d450, 0x000002ac9b796cc0, 0x000002ac9ce597e0,
0x000002ac9ce57e90, 0x000002ac9ce588b0, 0x000002ac9ce546e0, 0x000002ac9ce59cf0,
0x000002ac9ce56540, 0x000002ac9ce532a0, 0x000002ac9ce55100, 0x000002ac9ce53cc0,
0x000002ac9ce583a0, 0x000002ac9ce55610, 0x000002ac9ce56030, 0x000002ac9ce55b20,
0x000002ac9ce52d90, 0x000002ac9ce592d0, 0x000002ac9ce56a50, 0x000002ac9ce57980,
0x000002ac9ce58dc0, 0x000002ac9ce5a200, 0x000002ac9ce56f60, 0x000002ac9ce5a710,
0x000002ac9ce57470, 0x000002ac9ce537b0, 0x000002ac9ce541d0, 0x000002ac9ce54bf0,
0x000002ac9c5591d0, 0x000002ac9c5536b0, 0x000002ac9c553bc0, 0x000002ac9c5540d0,
0x000002ac9c551d60, 0x000002ac9c552270, 0x000002ac9c557880, 0x000002ac9c554af0,
0x000002ac9c555000, 0x000002ac9c556e60, 0x000002ac9c555a20, 0x000002ac9c555510,
0x000002ac9c5596e0, 0x000002ac9c5545e0, 0x000002ac9c5531a0, 0x000002ac9c555f30,
0x000002ac9c556440, 0x000002ac9c556950, 0x000002ac9c557370, 0x000002ac9c5587b0,
0x000002ac9c558cc0, 0x000002ac9c552780, 0x000002ac9d7f93b0, 0x000002ac9d7f7a60,
0x000002ac9d7f8ea0, 0x000002ac9d7fb720, 0x000002ac9d7fbc30, 0x000002ac9d7fa2e0,
0x000002ac9d7f98c0, 0x000002ac9d7fd580, 0x000002ac9d7fcb60, 0x000002ac9d7fc140,
0x000002ac9d7f9dd0, 0x000002ac9d7fda90, 0x000002ac9d7fd070, 0x000002ac9d7feed0,
0x000002ac9d7fdfa0, 0x000002ac9d7fad00, 0x000002ac9d7fa7f0, 0x000002ac9d7fb210,
0x000002ac9d7fc650, 0x000002ac9d7fe4b0, 0x000002ac9d7fe9c0, 0x000002ac9d7ff3e0,
0x000002ac9d7f7f70, 0x000002ac9d7ff8f0, 0x000002ac9d7f8480, 0x000002ac9d7ffe00,
0x000002ac9d7f8990, 0x000002ac9d805410, 0x000002ac9d806d60, 0x000002ac9d806340,
0x000002ac9d800820, 0x000002ac9d800d30, 0x000002ac9d805e30, 0x000002ac9d803ac0,
0x000002ac9d803fd0, 0x000002ac9d801240, 0x000002ac9d801750, 0x000002ac9d8044e0,
0x000002ac9d800310, 0x000002ac9d801c60, 0x000002ac9d802170, 0x000002ac9d802680,
0x000002ac9d805920, 0x000002ac9d804f00, 0x000002ac9d802b90, 0x000002ac9d8030a0,
0x000002ac9d8035b0, 0x000002ac9d8049f0, 0x000002ac9d807270, 0x000002ac9d806850,
0x000002ac9e2df330, 0x000002acfdbf1dd0, 0x000002acfdbef550, 0x000002acfdbf2d00,
0x000002acfdbf4140, 0x000002acfdbf4650, 0x000002acfdbf6ed0, 0x000002acfdbefa60,
0x000002acfdbf73e0, 0x000002acfdbf5070, 0x000002acfdbf7e00, 0x000002acfdbf8820,
0x000002acfdbf64b0, 0x000002acfdbfab90, 0x000002acfdbf9750, 0x000002acfdbfd410,
0x000002acfdbf9c60, 0x000002acfdbfa680, 0x000002acfdbfc9f0, 0x000002aca73589c0,
0x000002aca735d0a0, 0x000002aca735b240, 0x000002aca7356b60, 0x000002aca735b750,
0x000002aca7357fa0, 0x000002aca735c680, 0x000002aca7358ed0, 0x000002aca735cb90,
0x000002aca5d6ea90
}

Java Threads: ( => current thread )
  0x000002acd94c5fa0 JavaThread "main" [_thread_blocked, id=24284, stack(0x000000b6cc600000,0x000000b6cc700000)]
  0x000002acf86f1310 JavaThread "Reference Handler" daemon [_thread_blocked, id=7464, stack(0x000000b6ccd00000,0x000000b6cce00000)]
  0x000002acf86f2190 JavaThread "Finalizer" daemon [_thread_blocked, id=32912, stack(0x000000b6cce00000,0x000000b6ccf00000)]
  0x000002acf8708130 JavaThread "Signal Dispatcher" daemon [_thread_blocked, id=32980, stack(0x000000b6ccf00000,0x000000b6cd000000)]
  0x000002acf870ab00 JavaThread "Attach Listener" daemon [_thread_blocked, id=30252, stack(0x000000b6cd000000,0x000000b6cd100000)]
  0x000002acf870b4c0 JavaThread "Service Thread" daemon [_thread_blocked, id=31544, stack(0x000000b6cd100000,0x000000b6cd200000)]
  0x000002acf870be80 JavaThread "Monitor Deflation Thread" daemon [_thread_blocked, id=17528, stack(0x000000b6cd200000,0x000000b6cd300000)]
  0x000002acf870cc20 JavaThread "C2 CompilerThread0" daemon [_thread_in_native, id=15628, stack(0x000000b6cd300000,0x000000b6cd400000)]
  0x000002acf870d6d0 JavaThread "C1 CompilerThread0" daemon [_thread_blocked, id=26880, stack(0x000000b6cd400000,0x000000b6cd500000)]
  0x000002acf87135e0 JavaThread "Sweeper thread" daemon [_thread_blocked, id=18956, stack(0x000000b6cd500000,0x000000b6cd600000)]
  0x000002acf8897c20 JavaThread "Common-Cleaner" daemon [_thread_blocked, id=12392, stack(0x000000b6cd700000,0x000000b6cd800000)]
  0x000002acf89eb290 JavaThread "Notification Thread" daemon [_thread_blocked, id=32712, stack(0x000000b6cdb00000,0x000000b6cdc00000)]
  0x000002acff4630b0 JavaThread "Daemon health stats" [_thread_blocked, id=33284, stack(0x000000b6cde00000,0x000000b6cdf00000)]
  0x000002acfe0a3d20 JavaThread "Incoming local TCP Connector on port 59928" [_thread_in_native, id=26856, stack(0x000000b6cdd00000,0x000000b6cde00000)]
  0x000002acfd3a2180 JavaThread "Daemon periodic checks" [_thread_blocked, id=31004, stack(0x000000b6cdf00000,0x000000b6ce000000)]
  0x000002acff30f5c0 JavaThread "Daemon" [_thread_blocked, id=11664, stack(0x000000b6ce000000,0x000000b6ce100000)]
  0x000002acff30de00 JavaThread "Handler for socket connection from /127.0.0.1:59928 to /127.0.0.1:59929" [_thread_in_native, id=32028, stack(0x000000b6ce600000,0x000000b6ce700000)]
  0x000002acff30ced0 JavaThread "Cancel handler" [_thread_blocked, id=33752, stack(0x000000b6ce700000,0x000000b6ce800000)]
  0x000002acff30b070 JavaThread "Daemon worker" [_thread_blocked, id=20648, stack(0x000000b6ce800000,0x000000b6ce900000)]
=>0x000002acff30d8f0 JavaThread "Asynchronous log dispatcher for DefaultDaemonConnection: socket connection from /127.0.0.1:59928 to /127.0.0.1:59929" [_thread_in_vm, id=27596, stack(0x000000b6ce900000,0x000000b6cea00000)]
  0x000002acff30d3e0 JavaThread "Stdin handler" [_thread_blocked, id=32672, stack(0x000000b6cea00000,0x000000b6ceb00000)]
  0x000002acff30e310 JavaThread "Daemon client event forwarder" [_thread_blocked, id=33192, stack(0x000000b6ceb00000,0x000000b6cec00000)]
  0x000002acff30b580 JavaThread "Cache worker for journal cache (C:\Users\hr.ouedraogo\.gradle\caches\journal-1)" [_thread_blocked, id=17988, stack(0x000000b6cec00000,0x000000b6ced00000)]
  0x000002acff30e820 JavaThread "File lock request listener" [_thread_in_native, id=20264, stack(0x000000b6ced00000,0x000000b6cee00000)]
  0x000002acff30ba90 JavaThread "Cache worker for file hash cache (C:\Users\hr.ouedraogo\.gradle\caches\8.13\fileHashes)" [_thread_blocked, id=21604, stack(0x000000b6cee00000,0x000000b6cef00000)]
  0x000002acff30c4b0 JavaThread "Cache worker for file hash cache (C:\dev\eurekaMobile\android\.gradle\8.13\fileHashes)" [_thread_blocked, id=27916, stack(0x000000b6cf000000,0x000000b6cf100000)]
  0x000002acff30c9c0 JavaThread "Cache worker for Build Output Cleanup Cache (C:\dev\eurekaMobile\android\.gradle\buildOutputCleanup)" [_thread_blocked, id=11884, stack(0x000000b6cf100000,0x000000b6cf200000)]
  0x000002ac9bce4bc0 JavaThread "File watcher server" daemon [_thread_in_native, id=29204, stack(0x000000b6cfe00000,0x000000b6cff00000)]
  0x000002ac9bcde170 JavaThread "File watcher consumer" daemon [_thread_in_vm, id=22084, stack(0x000000b6cff00000,0x000000b6d0000000)]
  0x000002ac9bcdf5b0 JavaThread "jar transforms" [_thread_blocked, id=30164, stack(0x000000b6d0300000,0x000000b6d0400000)]
  0x000002ac9bce3270 JavaThread "Cache worker for checksums cache (C:\dev\eurekaMobile\android\.gradle\8.13\checksums)" [_thread_blocked, id=19220, stack(0x000000b6d0400000,0x000000b6d0500000)]
  0x000002ac9bce04e0 JavaThread "Cache worker for file content cache (C:\Users\hr.ouedraogo\.gradle\caches\8.13\fileContent)" [_thread_blocked, id=29244, stack(0x000000b6d0500000,0x000000b6d0600000)]
  0x000002ac9bcdeb90 JavaThread "Cache worker for cache directory md-supplier (C:\Users\hr.ouedraogo\.gradle\caches\8.13\md-supplier)" [_thread_blocked, id=20860, stack(0x000000b6d0600000,0x000000b6d0700000)]
  0x000002ac9bce41a0 JavaThread "Cache worker for cache directory md-rule (C:\Users\hr.ouedraogo\.gradle\caches\8.13\md-rule)" [_thread_blocked, id=30612, stack(0x000000b6d0700000,0x000000b6d0800000)]
  0x000002ac9bcdffd0 JavaThread "Cache worker for Build Output Cleanup Cache (C:\dev\eurekaMobile\node_modules\@react-native\gradle-plugin\.gradle\buildOutputCleanup)" [_thread_blocked, id=23972, stack(0x000000b6cef00000,0x000000b6cf000000)]
  0x000002ac9bcdfac0 JavaThread "Unconstrained build operations" [_thread_blocked, id=29812, stack(0x000000b6d0100000,0x000000b6d0200000)]
  0x000002ac9bce2850 JavaThread "Unconstrained build operations Thread 2" [_thread_blocked, id=31604, stack(0x000000b6d0200000,0x000000b6d0300000)]
  0x000002ac9bce1920 JavaThread "Unconstrained build operations Thread 3" [_thread_blocked, id=20404, stack(0x000000b6d0000000,0x000000b6d0100000)]
  0x000002ac9bcdf0a0 JavaThread "Unconstrained build operations Thread 4" [_thread_blocked, id=2324, stack(0x000000b6d0800000,0x000000b6d0900000)]
  0x000002ac9bce46b0 JavaThread "Unconstrained build operations Thread 5" [_thread_blocked, id=29628, stack(0x000000b6d0900000,0x000000b6d0a00000)]
  0x000002ac9bcde680 JavaThread "Unconstrained build operations Thread 6" [_thread_blocked, id=24976, stack(0x000000b6d0a00000,0x000000b6d0b00000)]
  0x000002ac9bce2d60 JavaThread "Unconstrained build operations Thread 7" [_thread_blocked, id=30588, stack(0x000000b6d0d00000,0x000000b6d0e00000)]
  0x000002ac9bce09f0 JavaThread "Unconstrained build operations Thread 8" [_thread_blocked, id=14252, stack(0x000000b6d0e00000,0x000000b6d0f00000)]
  0x000002ac9bcdd750 JavaThread "Unconstrained build operations Thread 9" [_thread_blocked, id=15256, stack(0x000000b6d0f00000,0x000000b6d1000000)]
  0x000002ac9bce3c90 JavaThread "Unconstrained build operations Thread 10" [_thread_blocked, id=22332, stack(0x000000b6d1000000,0x000000b6d1100000)]
  0x000002ac9bce0f00 JavaThread "Unconstrained build operations Thread 11" [_thread_blocked, id=16368, stack(0x000000b6d1100000,0x000000b6d1200000)]
  0x000002ac9bce50d0 JavaThread "Unconstrained build operations Thread 12" [_thread_blocked, id=28704, stack(0x000000b6d1200000,0x000000b6d1300000)]
  0x000002ac9bce2340 JavaThread "Unconstrained build operations Thread 13" [_thread_blocked, id=32296, stack(0x000000b6d1300000,0x000000b6d1400000)]
  0x000002ac9bce1e30 JavaThread "Unconstrained build operations Thread 14" [_thread_blocked, id=11076, stack(0x000000b6d1400000,0x000000b6d1500000)]
  0x000002ac9bcddc60 JavaThread "Unconstrained build operations Thread 15" [_thread_blocked, id=20052, stack(0x000000b6d1500000,0x000000b6d1600000)]
  0x000002ac9d49e090 JavaThread "Unconstrained build operations Thread 16" [_thread_blocked, id=22404, stack(0x000000b6d1600000,0x000000b6d1700000)]
  0x000002ac9d49efc0 JavaThread "Unconstrained build operations Thread 17" [_thread_blocked, id=31964, stack(0x000000b6d1700000,0x000000b6d1800000)]
  0x000002ac9d49a3d0 JavaThread "Unconstrained build operations Thread 18" [_thread_blocked, id=29928, stack(0x000000b6d1800000,0x000000b6d1900000)]
  0x000002ac9d49adf0 JavaThread "Unconstrained build operations Thread 19" [_thread_blocked, id=30552, stack(0x000000b6d1900000,0x000000b6d1a00000)]
  0x000002ac9d49c230 JavaThread "Unconstrained build operations Thread 20" [_thread_blocked, id=28608, stack(0x000000b6d1a00000,0x000000b6d1b00000)]
  0x000002ac9d49b300 JavaThread "Unconstrained build operations Thread 21" [_thread_blocked, id=14192, stack(0x000000b6d1b00000,0x000000b6d1c00000)]
  0x000002ac9d49d160 JavaThread "Unconstrained build operations Thread 22" [_thread_blocked, id=12788, stack(0x000000b6d1c00000,0x000000b6d1d00000)]
  0x000002ac9d498060 JavaThread "Unconstrained build operations Thread 23" [_thread_blocked, id=19872, stack(0x000000b6d1d00000,0x000000b6d1e00000)]
  0x000002ac9d49e5a0 JavaThread "Unconstrained build operations Thread 24" [_thread_blocked, id=33492, stack(0x000000b6d1e00000,0x000000b6d1f00000)]
  0x000002ac9d49d670 JavaThread "Unconstrained build operations Thread 25" [_thread_blocked, id=11804, stack(0x000000b6d1f00000,0x000000b6d2000000)]
  0x000002ac9d498f90 JavaThread "Unconstrained build operations Thread 26" [_thread_blocked, id=26324, stack(0x000000b6d2000000,0x000000b6d2100000)]
  0x000002ac9d49eab0 JavaThread "Unconstrained build operations Thread 27" [_thread_blocked, id=2128, stack(0x000000b6d2100000,0x000000b6d2200000)]
  0x000002ac9d49f9e0 JavaThread "Unconstrained build operations Thread 28" [_thread_blocked, id=31436, stack(0x000000b6d2200000,0x000000b6d2300000)]
  0x000002ac9d49db80 JavaThread "Unconstrained build operations Thread 29" [_thread_blocked, id=24584, stack(0x000000b6d2300000,0x000000b6d2400000)]
  0x000002ac9d49f4d0 JavaThread "Unconstrained build operations Thread 30" [_thread_blocked, id=21116, stack(0x000000b6d2400000,0x000000b6d2500000)]
  0x000002ac9d4994a0 JavaThread "Unconstrained build operations Thread 31" [_thread_blocked, id=20376, stack(0x000000b6d2500000,0x000000b6d2600000)]
  0x000002ac9d498570 JavaThread "Unconstrained build operations Thread 32" [_thread_blocked, id=14692, stack(0x000000b6d2600000,0x000000b6d2700000)]
  0x000002ac9d49a8e0 JavaThread "Unconstrained build operations Thread 33" [_thread_blocked, id=27104, stack(0x000000b6d2700000,0x000000b6d2800000)]
  0x000002ac9d49c740 JavaThread "Unconstrained build operations Thread 34" [_thread_blocked, id=17600, stack(0x000000b6d2800000,0x000000b6d2900000)]
  0x000002ac9d4999b0 JavaThread "Unconstrained build operations Thread 35" [_thread_blocked, id=33412, stack(0x000000b6d2900000,0x000000b6d2a00000)]
  0x000002ac9d49cc50 JavaThread "Unconstrained build operations Thread 36" [_thread_blocked, id=29252, stack(0x000000b6d2a00000,0x000000b6d2b00000)]
  0x000002ac9d498a80 JavaThread "Unconstrained build operations Thread 37" [_thread_blocked, id=25768, stack(0x000000b6d2b00000,0x000000b6d2c00000)]
  0x000002ac9d49b810 JavaThread "Unconstrained build operations Thread 38" [_thread_blocked, id=29548, stack(0x000000b6d2c00000,0x000000b6d2d00000)]
  0x000002ac9d499ec0 JavaThread "Unconstrained build operations Thread 39" [_thread_blocked, id=32860, stack(0x000000b6d2d00000,0x000000b6d2e00000)]
  0x000002ac9d49bd20 JavaThread "Unconstrained build operations Thread 40" [_thread_blocked, id=32784, stack(0x000000b6d2e00000,0x000000b6d2f00000)]
  0x000002ac9eb2c690 JavaThread "Unconstrained build operations Thread 41" [_thread_blocked, id=14316, stack(0x000000b6d2f00000,0x000000b6d3000000)]
  0x000002ac9eb2c180 JavaThread "Unconstrained build operations Thread 42" [_thread_blocked, id=21676, stack(0x000000b6d3000000,0x000000b6d3100000)]
  0x000002ac9eb2f420 JavaThread "Unconstrained build operations Thread 43" [_thread_blocked, id=17440, stack(0x000000b6d3100000,0x000000b6d3200000)]
  0x000002ac9eb289d0 JavaThread "Unconstrained build operations Thread 44" [_thread_blocked, id=31296, stack(0x000000b6d3200000,0x000000b6d3300000)]
  0x000002ac9eb29e10 JavaThread "Unconstrained build operations Thread 45" [_thread_blocked, id=28836, stack(0x000000b6d3300000,0x000000b6d3400000)]
  0x000002ac9eb2b250 JavaThread "Unconstrained build operations Thread 46" [_thread_blocked, id=1744, stack(0x000000b6d3400000,0x000000b6d3500000)]
  0x000002ac9eb2a320 JavaThread "Unconstrained build operations Thread 47" [_thread_blocked, id=13488, stack(0x000000b6d3500000,0x000000b6d3600000)]
  0x000002ac9eb2cba0 JavaThread "Unconstrained build operations Thread 48" [_thread_blocked, id=23304, stack(0x000000b6d3600000,0x000000b6d3700000)]
  0x000002ac9eb284c0 JavaThread "Unconstrained build operations Thread 49" [_thread_blocked, id=6908, stack(0x000000b6d3700000,0x000000b6d3800000)]
  0x000002ac9eb2b760 JavaThread "Unconstrained build operations Thread 50" [_thread_blocked, id=12988, stack(0x000000b6d3800000,0x000000b6d3900000)]
  0x000002ac9eb293f0 JavaThread "Unconstrained build operations Thread 51" [_thread_blocked, id=31360, stack(0x000000b6d3900000,0x000000b6d3a00000)]
  0x000002ac9eb2bc70 JavaThread "Unconstrained build operations Thread 52" [_thread_blocked, id=7724, stack(0x000000b6d3a00000,0x000000b6d3b00000)]
  0x000002ac9eb2d0b0 JavaThread "Unconstrained build operations Thread 53" [_thread_blocked, id=17712, stack(0x000000b6d3b00000,0x000000b6d3c00000)]
  0x000002ac9eb29900 JavaThread "Unconstrained build operations Thread 54" [_thread_blocked, id=18580, stack(0x000000b6d3c00000,0x000000b6d3d00000)]
  0x000002ac9eb2d5c0 JavaThread "Unconstrained build operations Thread 55" [_thread_blocked, id=7336, stack(0x000000b6d3d00000,0x000000b6d3e00000)]
  0x000002ac9eb2dfe0 JavaThread "Unconstrained build operations Thread 56" [_thread_blocked, id=26976, stack(0x000000b6d3e00000,0x000000b6d3f00000)]
  0x000002ac9eb2e4f0 JavaThread "Unconstrained build operations Thread 57" [_thread_blocked, id=21760, stack(0x000000b6d3f00000,0x000000b6d4000000)]
  0x000002ac9eb2dad0 JavaThread "Unconstrained build operations Thread 58" [_thread_blocked, id=1860, stack(0x000000b6d4000000,0x000000b6d4100000)]
  0x000002ac9eb2ea00 JavaThread "Unconstrained build operations Thread 59" [_thread_blocked, id=27184, stack(0x000000b6d4100000,0x000000b6d4200000)]
  0x000002ac9eb2a830 JavaThread "Unconstrained build operations Thread 60" [_thread_blocked, id=2844, stack(0x000000b6d4200000,0x000000b6d4300000)]
  0x000002ac9eb2ef10 JavaThread "Unconstrained build operations Thread 61" [_thread_blocked, id=18008, stack(0x000000b6d4300000,0x000000b6d4400000)]
  0x000002ac9eb27fb0 JavaThread "Unconstrained build operations Thread 62" [_thread_blocked, id=2360, stack(0x000000b6d4400000,0x000000b6d4500000)]
  0x000002ac9eb2f930 JavaThread "Unconstrained build operations Thread 63" [_thread_blocked, id=31400, stack(0x000000b6d4600000,0x000000b6d4700000)]
  0x000002ac9eb28ee0 JavaThread "build event listener" [_thread_blocked, id=20012, stack(0x000000b6d4700000,0x000000b6d4800000)]
  0x000002ac9eb2ad40 JavaThread "Memory manager" [_thread_blocked, id=21608, stack(0x000000b6d0b00000,0x000000b6d0c00000)]
  0x000002ac9e2dee20 JavaThread "ForkJoinPool.commonPool-worker-1" daemon [_thread_blocked, id=12884, stack(0x000000b6d4800000,0x000000b6d4900000)]
  0x000002ac9e2dc090 JavaThread "ForkJoinPool.commonPool-worker-2" daemon [_thread_blocked, id=30372, stack(0x000000b6d4900000,0x000000b6d4a00000)]
  0x000002ac9e2dc5a0 JavaThread "ForkJoinPool.commonPool-worker-3" daemon [_thread_blocked, id=14300, stack(0x000000b6d4a00000,0x000000b6d4b00000)]
  0x000002ac9e2dcfc0 JavaThread "ForkJoinPool.commonPool-worker-4" daemon [_thread_blocked, id=17284, stack(0x000000b6d4b00000,0x000000b6d4c00000)]
  0x000002ac9e2dd9e0 JavaThread "ForkJoinPool.commonPool-worker-6" daemon [_thread_blocked, id=27284, stack(0x000000b6d4d00000,0x000000b6d4e00000)]
  0x000002ac9c81d0e0 JavaThread "ForkJoinPool.commonPool-worker-7" daemon [_thread_blocked, id=32744, stack(0x000000b6d4e00000,0x000000b6d4f00000)]
  0x000002ac9c81c6c0 JavaThread "ForkJoinPool.commonPool-worker-8" daemon [_thread_blocked, id=26480, stack(0x000000b6d4f00000,0x000000b6d5000000)]
  0x000002ac9c81f450 JavaThread "ForkJoinPool.commonPool-worker-9" daemon [_thread_blocked, id=32444, stack(0x000000b6d5000000,0x000000b6d5100000)]
  0x000002ac9c81cbd0 JavaThread "ForkJoinPool.commonPool-worker-10" daemon [_thread_blocked, id=22532, stack(0x000000b6d5100000,0x000000b6d5200000)]
  0x000002ac9c81bca0 JavaThread "ForkJoinPool.commonPool-worker-11" daemon [_thread_blocked, id=12340, stack(0x000000b6d5300000,0x000000b6d5400000)]
  0x000002ac9c81fe70 JavaThread "ForkJoinPool.commonPool-worker-12" daemon [_thread_blocked, id=17588, stack(0x000000b6d5600000,0x000000b6d5700000)]
  0x000002ac9c818f10 JavaThread "ForkJoinPool.commonPool-worker-13" daemon [_thread_blocked, id=24304, stack(0x000000b6d0c00000,0x000000b6d0d00000)]
  0x000002ac9c819930 JavaThread "ForkJoinPool.commonPool-worker-14" daemon [_thread_blocked, id=31632, stack(0x000000b6d4500000,0x000000b6d4600000)]
  0x000002ac9c81ef40 JavaThread "included builds" [_thread_blocked, id=18716, stack(0x000000b6cd900000,0x000000b6cda00000)]
  0x000002ac9c81d5f0 JavaThread "Execution worker" [_thread_blocked, id=22408, stack(0x000000b6d5700000,0x000000b6d5800000)]
  0x000002ac9c820380 JavaThread "Execution worker Thread 2" [_thread_blocked, id=31268, stack(0x000000b6d5800000,0x000000b6d5900000)]
  0x000002ac9c81db00 JavaThread "Execution worker Thread 3" [_thread_blocked, id=30776, stack(0x000000b6d5900000,0x000000b6d5a00000)]
  0x000002ac9c81e010 JavaThread "Execution worker Thread 4" [_thread_blocked, id=9420, stack(0x000000b6d5a00000,0x000000b6d5b00000)]
  0x000002ac9c820890 JavaThread "Execution worker Thread 5" [_thread_blocked, id=17752, stack(0x000000b6d5b00000,0x000000b6d5c00000)]
  0x000002ac9c819420 JavaThread "Execution worker Thread 6" [_thread_blocked, id=26852, stack(0x000000b6d5c00000,0x000000b6d5d00000)]
  0x000002ac9c81ea30 JavaThread "Execution worker Thread 7" [_thread_blocked, id=24872, stack(0x000000b6d5d00000,0x000000b6d5e00000)]
  0x000002ac9c81b280 JavaThread "Execution worker Thread 8" [_thread_blocked, id=29736, stack(0x000000b6d5e00000,0x000000b6d5f00000)]
  0x000002ac9c819e40 JavaThread "Execution worker Thread 9" [_thread_blocked, id=16712, stack(0x000000b6d5f00000,0x000000b6d6000000)]
  0x000002ac9c81ad70 JavaThread "Execution worker Thread 10" [_thread_blocked, id=26032, stack(0x000000b6d6000000,0x000000b6d6100000)]
  0x000002ac9c81b790 JavaThread "Execution worker Thread 11" [_thread_blocked, id=13912, stack(0x000000b6d6100000,0x000000b6d6200000)]
  0x000002ac9c81c1b0 JavaThread "Execution worker Thread 12" [_thread_blocked, id=33008, stack(0x000000b6d6200000,0x000000b6d6300000)]
  0x000002ac9b78fd60 JavaThread "Execution worker Thread 13" [_thread_blocked, id=17668, stack(0x000000b6d6300000,0x000000b6d6400000)]
  0x000002ac9b78f850 JavaThread "Execution worker Thread 14" [_thread_blocked, id=24800, stack(0x000000b6d6400000,0x000000b6d6500000)]
  0x000002ac9b795370 JavaThread "Execution worker Thread 15" [_thread_blocked, id=26112, stack(0x000000b6d6500000,0x000000b6d6600000)]
  0x000002ac9b7911a0 JavaThread "Execution worker Thread 16" [_thread_blocked, id=10056, stack(0x000000b6d6600000,0x000000b6d6700000)]
  0x000002ac9b7967b0 JavaThread "Execution worker Thread 17" [_thread_blocked, id=29260, stack(0x000000b6d6700000,0x000000b6d6800000)]
  0x000002ac9b792af0 JavaThread "Execution worker Thread 18" [_thread_blocked, id=16988, stack(0x000000b6d6800000,0x000000b6d6900000)]
  0x000002ac9b790780 JavaThread "Execution worker Thread 19" [_thread_blocked, id=25212, stack(0x000000b6d6900000,0x000000b6d6a00000)]
  0x000002ac9b795880 JavaThread "Cache worker for execution history cache (C:\dev\eurekaMobile\node_modules\@react-native\gradle-plugin\.gradle\8.13\executionHistory)" [_thread_blocked, id=31968, stack(0x000000b6d6a00000,0x000000b6d6b00000)]
  0x000002ac9b794e60 JavaThread "Unconstrained build operations Thread 64" [_thread_blocked, id=23036, stack(0x000000b6d6b00000,0x000000b6d6c00000)]
  0x000002ac9b7916b0 JavaThread "Unconstrained build operations Thread 65" [_thread_blocked, id=31972, stack(0x000000b6d6c00000,0x000000b6d6d00000)]
  0x000002ac9b793000 JavaThread "Unconstrained build operations Thread 66" [_thread_blocked, id=32960, stack(0x000000b6d6d00000,0x000000b6d6e00000)]
  0x000002ac9b790c90 JavaThread "Unconstrained build operations Thread 67" [_thread_blocked, id=14548, stack(0x000000b6d6e00000,0x000000b6d6f00000)]
  0x000002ac9b794950 JavaThread "Unconstrained build operations Thread 68" [_thread_blocked, id=18892, stack(0x000000b6d6f00000,0x000000b6d7000000)]
  0x000002ac9b793f30 JavaThread "Unconstrained build operations Thread 69" [_thread_blocked, id=29800, stack(0x000000b6d7000000,0x000000b6d7100000)]
  0x000002ac9b790270 JavaThread "Unconstrained build operations Thread 70" [_thread_blocked, id=408, stack(0x000000b6d7100000,0x000000b6d7200000)]
  0x000002ac9b794440 JavaThread "Unconstrained build operations Thread 71" [_thread_blocked, id=30952, stack(0x000000b6d7200000,0x000000b6d7300000)]
  0x000002ac9b791bc0 JavaThread "Unconstrained build operations Thread 72" [_thread_blocked, id=24636, stack(0x000000b6d7300000,0x000000b6d7400000)]
  0x000002ac9b7920d0 JavaThread "Unconstrained build operations Thread 73" [_thread_blocked, id=31388, stack(0x000000b6d7500000,0x000000b6d7600000)]
  0x000002ac9b793510 JavaThread "Unconstrained build operations Thread 74" [_thread_blocked, id=25708, stack(0x000000b6d7600000,0x000000b6d7700000)]
  0x000002ac9b793a20 JavaThread "Unconstrained build operations Thread 75" [_thread_blocked, id=25456, stack(0x000000b6d7700000,0x000000b6d7800000)]
  0x000002ac9b795d90 JavaThread "Unconstrained build operations Thread 76" [_thread_blocked, id=30536, stack(0x000000b6d7800000,0x000000b6d7900000)]
  0x000002ac9b7962a0 JavaThread "Unconstrained build operations Thread 77" [_thread_blocked, id=19328, stack(0x000000b6d7900000,0x000000b6d7a00000)]
  0x000002ac9b78f340 JavaThread "Unconstrained build operations Thread 78" [_thread_blocked, id=30624, stack(0x000000b6d7a00000,0x000000b6d7b00000)]
  0x000002ac9b579790 JavaThread "Unconstrained build operations Thread 79" [_thread_blocked, id=26444, stack(0x000000b6d7b00000,0x000000b6d7c00000)]
  0x000002ac9b57bb00 JavaThread "Unconstrained build operations Thread 80" [_thread_blocked, id=14040, stack(0x000000b6d7c00000,0x000000b6d7d00000)]
  0x000002ac9b57e890 JavaThread "Unconstrained build operations Thread 81" [_thread_blocked, id=21080, stack(0x000000b6d7d00000,0x000000b6d7e00000)]
  0x000002ac9b578d70 JavaThread "Unconstrained build operations Thread 82" [_thread_blocked, id=25632, stack(0x000000b6d7e00000,0x000000b6d7f00000)]
  0x000002ac9b5806f0 JavaThread "Unconstrained build operations Thread 83" [_thread_blocked, id=31916, stack(0x000000b6d7f00000,0x000000b6d8000000)]
  0x000002ac9b57a1b0 JavaThread "Unconstrained build operations Thread 84" [_thread_blocked, id=22832, stack(0x000000b6d8000000,0x000000b6d8100000)]
  0x000002ac9b57f2b0 JavaThread "Unconstrained build operations Thread 85" [_thread_blocked, id=31280, stack(0x000000b6d8100000,0x000000b6d8200000)]
  0x000002ac9b57e380 JavaThread "Unconstrained build operations Thread 86" [_thread_blocked, id=17372, stack(0x000000b6d8200000,0x000000b6d8300000)]
  0x000002ac9b57eda0 JavaThread "Unconstrained build operations Thread 87" [_thread_blocked, id=33144, stack(0x000000b6d8300000,0x000000b6d8400000)]
  0x000002ac9b57de70 JavaThread "Unconstrained build operations Thread 88" [_thread_blocked, id=28948, stack(0x000000b6d8400000,0x000000b6d8500000)]
  0x000002ac9b57a6c0 JavaThread "Unconstrained build operations Thread 89" [_thread_blocked, id=22044, stack(0x000000b6d8500000,0x000000b6d8600000)]
  0x000002ac9b57c010 JavaThread "Unconstrained build operations Thread 90" [_thread_blocked, id=3784, stack(0x000000b6d8600000,0x000000b6d8700000)]
  0x000002ac9b57b5f0 JavaThread "Unconstrained build operations Thread 91" [_thread_blocked, id=31116, stack(0x000000b6d8800000,0x000000b6d8900000)]
  0x000002ac9b57d960 JavaThread "Unconstrained build operations Thread 92" [_thread_blocked, id=2928, stack(0x000000b6d8900000,0x000000b6d8a00000)]
  0x000002ac9b57f7c0 JavaThread "Unconstrained build operations Thread 93" [_thread_blocked, id=15688, stack(0x000000b6d8a00000,0x000000b6d8b00000)]
  0x000002ac9b57b0e0 JavaThread "Unconstrained build operations Thread 94" [_thread_blocked, id=4864, stack(0x000000b6d8b00000,0x000000b6d8c00000)]
  0x000002ac9b579ca0 JavaThread "Unconstrained build operations Thread 95" [_thread_blocked, id=20288, stack(0x000000b6d8c00000,0x000000b6d8d00000)]
  0x000002ac9b579280 JavaThread "Unconstrained build operations Thread 96" [_thread_blocked, id=26120, stack(0x000000b6d8d00000,0x000000b6d8e00000)]
  0x000002ac9b57c520 JavaThread "Unconstrained build operations Thread 97" [_thread_blocked, id=2512, stack(0x000000b6d8e00000,0x000000b6d8f00000)]
  0x000002ac9b57fcd0 JavaThread "Unconstrained build operations Thread 98" [_thread_blocked, id=11048, stack(0x000000b6d8f00000,0x000000b6d9000000)]
  0x000002ac9b57abd0 JavaThread "Unconstrained build operations Thread 99" [_thread_blocked, id=23204, stack(0x000000b6d9000000,0x000000b6d9100000)]
  0x000002ac9b57ca30 JavaThread "Unconstrained build operations Thread 100" [_thread_blocked, id=15236, stack(0x000000b6d9100000,0x000000b6d9200000)]
  0x000002ac9b5801e0 JavaThread "Unconstrained build operations Thread 101" [_thread_blocked, id=10164, stack(0x000000b6d9200000,0x000000b6d9300000)]
  0x000002ac9b57cf40 JavaThread "Unconstrained build operations Thread 102" [_thread_blocked, id=32204, stack(0x000000b6d9300000,0x000000b6d9400000)]
  0x000002ac9b57d450 JavaThread "Unconstrained build operations Thread 103" [_thread_blocked, id=8936, stack(0x000000b6d9400000,0x000000b6d9500000)]
  0x000002ac9b796cc0 JavaThread "Unconstrained build operations Thread 104" [_thread_blocked, id=6784, stack(0x000000b6d9500000,0x000000b6d9600000)]
  0x000002ac9ce597e0 JavaThread "Unconstrained build operations Thread 105" [_thread_blocked, id=33168, stack(0x000000b6d9600000,0x000000b6d9700000)]
  0x000002ac9ce57e90 JavaThread "Unconstrained build operations Thread 106" [_thread_blocked, id=27520, stack(0x000000b6d9700000,0x000000b6d9800000)]
  0x000002ac9ce588b0 JavaThread "Unconstrained build operations Thread 107" [_thread_blocked, id=17972, stack(0x000000b6d9800000,0x000000b6d9900000)]
  0x000002ac9ce546e0 JavaThread "Unconstrained build operations Thread 108" [_thread_blocked, id=27180, stack(0x000000b6d9900000,0x000000b6d9a00000)]
  0x000002ac9ce59cf0 JavaThread "Unconstrained build operations Thread 109" [_thread_blocked, id=32792, stack(0x000000b6d9a00000,0x000000b6d9b00000)]
  0x000002ac9ce56540 JavaThread "Unconstrained build operations Thread 110" [_thread_blocked, id=15496, stack(0x000000b6d9b00000,0x000000b6d9c00000)]
  0x000002ac9ce532a0 JavaThread "Unconstrained build operations Thread 111" [_thread_blocked, id=31488, stack(0x000000b6d9c00000,0x000000b6d9d00000)]
  0x000002ac9ce55100 JavaThread "Unconstrained build operations Thread 112" [_thread_blocked, id=33520, stack(0x000000b6d9d00000,0x000000b6d9e00000)]
  0x000002ac9ce53cc0 JavaThread "Unconstrained build operations Thread 113" [_thread_blocked, id=26968, stack(0x000000b6d9e00000,0x000000b6d9f00000)]
  0x000002ac9ce583a0 JavaThread "Unconstrained build operations Thread 114" [_thread_blocked, id=28340, stack(0x000000b6d9f00000,0x000000b6da000000)]
  0x000002ac9ce55610 JavaThread "Unconstrained build operations Thread 115" [_thread_blocked, id=18616, stack(0x000000b6da000000,0x000000b6da100000)]
  0x000002ac9ce56030 JavaThread "Unconstrained build operations Thread 116" [_thread_blocked, id=22512, stack(0x000000b6da100000,0x000000b6da200000)]
  0x000002ac9ce55b20 JavaThread "Unconstrained build operations Thread 117" [_thread_blocked, id=21620, stack(0x000000b6da200000,0x000000b6da300000)]
  0x000002ac9ce52d90 JavaThread "Unconstrained build operations Thread 118" [_thread_blocked, id=31896, stack(0x000000b6da300000,0x000000b6da400000)]
  0x000002ac9ce592d0 JavaThread "Unconstrained build operations Thread 119" [_thread_blocked, id=7560, stack(0x000000b6da400000,0x000000b6da500000)]
  0x000002ac9ce56a50 JavaThread "Unconstrained build operations Thread 120" [_thread_blocked, id=5128, stack(0x000000b6da500000,0x000000b6da600000)]
  0x000002ac9ce57980 JavaThread "Unconstrained build operations Thread 121" [_thread_blocked, id=8000, stack(0x000000b6da600000,0x000000b6da700000)]
  0x000002ac9ce58dc0 JavaThread "Unconstrained build operations Thread 122" [_thread_blocked, id=7568, stack(0x000000b6da700000,0x000000b6da800000)]
  0x000002ac9ce5a200 JavaThread "Unconstrained build operations Thread 123" [_thread_blocked, id=32376, stack(0x000000b6da800000,0x000000b6da900000)]
  0x000002ac9ce56f60 JavaThread "Unconstrained build operations Thread 124" [_thread_blocked, id=29312, stack(0x000000b6da900000,0x000000b6daa00000)]
  0x000002ac9ce5a710 JavaThread "Unconstrained build operations Thread 125" [_thread_blocked, id=30476, stack(0x000000b6daa00000,0x000000b6dab00000)]
  0x000002ac9ce57470 JavaThread "Unconstrained build operations Thread 126" [_thread_blocked, id=11088, stack(0x000000b6dab00000,0x000000b6dac00000)]
  0x000002ac9ce537b0 JavaThread "Unconstrained build operations Thread 127" [_thread_blocked, id=31748, stack(0x000000b6dac00000,0x000000b6dad00000)]
  0x000002ac9ce541d0 JavaThread "Unconstrained build operations Thread 128" [_thread_blocked, id=27188, stack(0x000000b6dad00000,0x000000b6dae00000)]
  0x000002ac9ce54bf0 JavaThread "Unconstrained build operations Thread 129" [_thread_blocked, id=11252, stack(0x000000b6dae00000,0x000000b6daf00000)]
  0x000002ac9c5591d0 JavaThread "Unconstrained build operations Thread 130" [_thread_blocked, id=18368, stack(0x000000b6daf00000,0x000000b6db000000)]
  0x000002ac9c5536b0 JavaThread "Unconstrained build operations Thread 131" [_thread_blocked, id=2228, stack(0x000000b6db000000,0x000000b6db100000)]
  0x000002ac9c553bc0 JavaThread "Unconstrained build operations Thread 132" [_thread_blocked, id=23896, stack(0x000000b6db100000,0x000000b6db200000)]
  0x000002ac9c5540d0 JavaThread "Unconstrained build operations Thread 133" [_thread_blocked, id=31560, stack(0x000000b6db200000,0x000000b6db300000)]
  0x000002ac9c551d60 JavaThread "Unconstrained build operations Thread 134" [_thread_blocked, id=14156, stack(0x000000b6db300000,0x000000b6db400000)]
  0x000002ac9c552270 JavaThread "Unconstrained build operations Thread 135" [_thread_blocked, id=13496, stack(0x000000b6db400000,0x000000b6db500000)]
  0x000002ac9c557880 JavaThread "Unconstrained build operations Thread 136" [_thread_blocked, id=15568, stack(0x000000b6db500000,0x000000b6db600000)]
  0x000002ac9c554af0 JavaThread "Unconstrained build operations Thread 137" [_thread_blocked, id=10768, stack(0x000000b6db600000,0x000000b6db700000)]
  0x000002ac9c555000 JavaThread "Unconstrained build operations Thread 138" [_thread_blocked, id=21088, stack(0x000000b6db700000,0x000000b6db800000)]
  0x000002ac9c556e60 JavaThread "Unconstrained build operations Thread 139" [_thread_blocked, id=20808, stack(0x000000b6db800000,0x000000b6db900000)]
  0x000002ac9c555a20 JavaThread "Unconstrained build operations Thread 140" [_thread_blocked, id=33040, stack(0x000000b6db900000,0x000000b6dba00000)]
  0x000002ac9c555510 JavaThread "Unconstrained build operations Thread 141" [_thread_blocked, id=22916, stack(0x000000b6dba00000,0x000000b6dbb00000)]
  0x000002ac9c5596e0 JavaThread "Unconstrained build operations Thread 142" [_thread_blocked, id=9576, stack(0x000000b6dbb00000,0x000000b6dbc00000)]
  0x000002ac9c5545e0 JavaThread "jar transforms Thread 2" [_thread_blocked, id=10836, stack(0x000000b6dbc00000,0x000000b6dbd00000)]
  0x000002ac9c5531a0 JavaThread "jar transforms Thread 3" [_thread_blocked, id=15016, stack(0x000000b6dbd00000,0x000000b6dbe00000)]
  0x000002ac9c555f30 JavaThread "Unconstrained build operations Thread 143" [_thread_blocked, id=27956, stack(0x000000b6dc100000,0x000000b6dc200000)]
  0x000002ac9c556440 JavaThread "Unconstrained build operations Thread 144" [_thread_blocked, id=5540, stack(0x000000b6dc400000,0x000000b6dc500000)]
  0x000002ac9c556950 JavaThread "Unconstrained build operations Thread 145" [_thread_blocked, id=14424, stack(0x000000b6dc500000,0x000000b6dc600000)]
  0x000002ac9c557370 JavaThread "Unconstrained build operations Thread 146" [_thread_blocked, id=31380, stack(0x000000b6dc600000,0x000000b6dc700000)]
  0x000002ac9c5587b0 JavaThread "Unconstrained build operations Thread 147" [_thread_blocked, id=27564, stack(0x000000b6dc700000,0x000000b6dc800000)]
  0x000002ac9c558cc0 JavaThread "Unconstrained build operations Thread 148" [_thread_blocked, id=22552, stack(0x000000b6dc800000,0x000000b6dc900000)]
  0x000002ac9c552780 JavaThread "Unconstrained build operations Thread 149" [_thread_blocked, id=24716, stack(0x000000b6dc900000,0x000000b6dca00000)]
  0x000002ac9d7f93b0 JavaThread "Unconstrained build operations Thread 150" [_thread_blocked, id=22612, stack(0x000000b6dca00000,0x000000b6dcb00000)]
  0x000002ac9d7f7a60 JavaThread "Unconstrained build operations Thread 151" [_thread_blocked, id=25248, stack(0x000000b6dcb00000,0x000000b6dcc00000)]
  0x000002ac9d7f8ea0 JavaThread "Unconstrained build operations Thread 152" [_thread_blocked, id=7808, stack(0x000000b6dcc00000,0x000000b6dcd00000)]
  0x000002ac9d7fb720 JavaThread "Unconstrained build operations Thread 153" [_thread_blocked, id=8256, stack(0x000000b6dcd00000,0x000000b6dce00000)]
  0x000002ac9d7fbc30 JavaThread "Unconstrained build operations Thread 154" [_thread_blocked, id=17708, stack(0x000000b6dce00000,0x000000b6dcf00000)]
  0x000002ac9d7fa2e0 JavaThread "Unconstrained build operations Thread 155" [_thread_blocked, id=28112, stack(0x000000b6dcf00000,0x000000b6dd000000)]
  0x000002ac9d7f98c0 JavaThread "Unconstrained build operations Thread 156" [_thread_blocked, id=25732, stack(0x000000b6dd000000,0x000000b6dd100000)]
  0x000002ac9d7fd580 JavaThread "Unconstrained build operations Thread 157" [_thread_blocked, id=19520, stack(0x000000b6dd100000,0x000000b6dd200000)]
  0x000002ac9d7fcb60 JavaThread "Unconstrained build operations Thread 158" [_thread_blocked, id=12856, stack(0x000000b6dd200000,0x000000b6dd300000)]
  0x000002ac9d7fc140 JavaThread "Unconstrained build operations Thread 159" [_thread_blocked, id=13480, stack(0x000000b6dd300000,0x000000b6dd400000)]
  0x000002ac9d7f9dd0 JavaThread "Unconstrained build operations Thread 160" [_thread_blocked, id=32276, stack(0x000000b6dd400000,0x000000b6dd500000)]
  0x000002ac9d7fda90 JavaThread "Unconstrained build operations Thread 161" [_thread_blocked, id=31960, stack(0x000000b6dd500000,0x000000b6dd600000)]
  0x000002ac9d7fd070 JavaThread "Unconstrained build operations Thread 162" [_thread_blocked, id=8700, stack(0x000000b6dd600000,0x000000b6dd700000)]
  0x000002ac9d7feed0 JavaThread "Unconstrained build operations Thread 163" [_thread_blocked, id=24644, stack(0x000000b6dd700000,0x000000b6dd800000)]
  0x000002ac9d7fdfa0 JavaThread "Unconstrained build operations Thread 164" [_thread_blocked, id=13028, stack(0x000000b6dd800000,0x000000b6dd900000)]
  0x000002ac9d7fad00 JavaThread "Unconstrained build operations Thread 165" [_thread_blocked, id=17348, stack(0x000000b6dd900000,0x000000b6dda00000)]
  0x000002ac9d7fa7f0 JavaThread "Unconstrained build operations Thread 166" [_thread_blocked, id=18068, stack(0x000000b6dda00000,0x000000b6ddb00000)]
  0x000002ac9d7fb210 JavaThread "Unconstrained build operations Thread 167" [_thread_blocked, id=21732, stack(0x000000b6ddb00000,0x000000b6ddc00000)]
  0x000002ac9d7fc650 JavaThread "Unconstrained build operations Thread 168" [_thread_blocked, id=33424, stack(0x000000b6ddc00000,0x000000b6ddd00000)]
  0x000002ac9d7fe4b0 JavaThread "Unconstrained build operations Thread 169" [_thread_blocked, id=25836, stack(0x000000b6ddd00000,0x000000b6dde00000)]
  0x000002ac9d7fe9c0 JavaThread "Unconstrained build operations Thread 170" [_thread_blocked, id=28068, stack(0x000000b6dde00000,0x000000b6ddf00000)]
  0x000002ac9d7ff3e0 JavaThread "Unconstrained build operations Thread 171" [_thread_blocked, id=10216, stack(0x000000b6ddf00000,0x000000b6de000000)]
  0x000002ac9d7f7f70 JavaThread "Unconstrained build operations Thread 172" [_thread_blocked, id=29996, stack(0x000000b6de000000,0x000000b6de100000)]
  0x000002ac9d7ff8f0 JavaThread "Unconstrained build operations Thread 173" [_thread_blocked, id=9604, stack(0x000000b6de100000,0x000000b6de200000)]
  0x000002ac9d7f8480 JavaThread "Unconstrained build operations Thread 174" [_thread_blocked, id=29408, stack(0x000000b6de200000,0x000000b6de300000)]
  0x000002ac9d7ffe00 JavaThread "Unconstrained build operations Thread 175" [_thread_blocked, id=22648, stack(0x000000b6de300000,0x000000b6de400000)]
  0x000002ac9d7f8990 JavaThread "Unconstrained build operations Thread 176" [_thread_blocked, id=22800, stack(0x000000b6de400000,0x000000b6de500000)]
  0x000002ac9d805410 JavaThread "Unconstrained build operations Thread 177" [_thread_blocked, id=22224, stack(0x000000b6de500000,0x000000b6de600000)]
  0x000002ac9d806d60 JavaThread "Unconstrained build operations Thread 178" [_thread_blocked, id=4456, stack(0x000000b6de600000,0x000000b6de700000)]
  0x000002ac9d806340 JavaThread "Unconstrained build operations Thread 179" [_thread_blocked, id=29364, stack(0x000000b6de700000,0x000000b6de800000)]
  0x000002ac9d800820 JavaThread "Unconstrained build operations Thread 180" [_thread_blocked, id=28076, stack(0x000000b6de800000,0x000000b6de900000)]
  0x000002ac9d800d30 JavaThread "Unconstrained build operations Thread 181" [_thread_blocked, id=7816, stack(0x000000b6de900000,0x000000b6dea00000)]
  0x000002ac9d805e30 JavaThread "Unconstrained build operations Thread 182" [_thread_blocked, id=32848, stack(0x000000b6dea00000,0x000000b6deb00000)]
  0x000002ac9d803ac0 JavaThread "Unconstrained build operations Thread 183" [_thread_blocked, id=31516, stack(0x000000b6deb00000,0x000000b6dec00000)]
  0x000002ac9d803fd0 JavaThread "Unconstrained build operations Thread 184" [_thread_blocked, id=31376, stack(0x000000b6dec00000,0x000000b6ded00000)]
  0x000002ac9d801240 JavaThread "Unconstrained build operations Thread 185" [_thread_blocked, id=17660, stack(0x000000b6ded00000,0x000000b6dee00000)]
  0x000002ac9d801750 JavaThread "Unconstrained build operations Thread 186" [_thread_blocked, id=33056, stack(0x000000b6dee00000,0x000000b6def00000)]
  0x000002ac9d8044e0 JavaThread "Unconstrained build operations Thread 187" [_thread_blocked, id=7128, stack(0x000000b6def00000,0x000000b6df000000)]
  0x000002ac9d800310 JavaThread "Unconstrained build operations Thread 188" [_thread_blocked, id=23728, stack(0x000000b6df000000,0x000000b6df100000)]
  0x000002ac9d801c60 JavaThread "Unconstrained build operations Thread 189" [_thread_blocked, id=33524, stack(0x000000b6df100000,0x000000b6df200000)]
  0x000002ac9d802170 JavaThread "Unconstrained build operations Thread 190" [_thread_blocked, id=27096, stack(0x000000b6df200000,0x000000b6df300000)]
  0x000002ac9d802680 JavaThread "Unconstrained build operations Thread 191" [_thread_blocked, id=14236, stack(0x000000b6df300000,0x000000b6df400000)]
  0x000002ac9d805920 JavaThread "Unconstrained build operations Thread 192" [_thread_blocked, id=30912, stack(0x000000b6df400000,0x000000b6df500000)]
  0x000002ac9d804f00 JavaThread "Unconstrained build operations Thread 193" [_thread_blocked, id=16164, stack(0x000000b6df500000,0x000000b6df600000)]
  0x000002ac9d802b90 JavaThread "Unconstrained build operations Thread 194" [_thread_blocked, id=25988, stack(0x000000b6df600000,0x000000b6df700000)]
  0x000002ac9d8030a0 JavaThread "Unconstrained build operations Thread 195" [_thread_blocked, id=9892, stack(0x000000b6df700000,0x000000b6df800000)]
  0x000002ac9d8035b0 JavaThread "Unconstrained build operations Thread 196" [_thread_blocked, id=14036, stack(0x000000b6df800000,0x000000b6df900000)]
  0x000002ac9d8049f0 JavaThread "Unconstrained build operations Thread 197" [_thread_blocked, id=27996, stack(0x000000b6df900000,0x000000b6dfa00000)]
  0x000002ac9d807270 JavaThread "Unconstrained build operations Thread 198" [_thread_blocked, id=2268, stack(0x000000b6dfa00000,0x000000b6dfb00000)]
  0x000002ac9d806850 JavaThread "Unconstrained build operations Thread 199" [_thread_blocked, id=4940, stack(0x000000b6dfb00000,0x000000b6dfc00000)]
  0x000002ac9e2df330 JavaThread "Unconstrained build operations Thread 200" [_thread_blocked, id=27660, stack(0x000000b6dfc00000,0x000000b6dfd00000)]
  0x000002acfdbf1dd0 JavaThread "jar transforms Thread 4" [_thread_blocked, id=8756, stack(0x000000b6dff00000,0x000000b6e0000000)]
  0x000002acfdbef550 JavaThread "jar transforms Thread 5" [_thread_blocked, id=26820, stack(0x000000b6e0000000,0x000000b6e0100000)]
  0x000002acfdbf2d00 JavaThread "jar transforms Thread 6" [_thread_blocked, id=32424, stack(0x000000b6e0100000,0x000000b6e0200000)]
  0x000002acfdbf4140 JavaThread "Problems report writer" [_thread_blocked, id=14084, stack(0x000000b6dfe00000,0x000000b6dff00000)]
  0x000002acfdbf4650 JavaThread "build event listener" [_thread_blocked, id=17028, stack(0x000000b6dbf00000,0x000000b6dc000000)]
  0x000002acfdbf6ed0 JavaThread "jar transforms Thread 7" [_thread_blocked, id=10728, stack(0x000000b6dfd00000,0x000000b6dfe00000)]
  0x000002acfdbefa60 JavaThread "jar transforms Thread 8" [_thread_blocked, id=32560, stack(0x000000b6e0200000,0x000000b6e0300000)]
  0x000002acfdbf73e0 JavaThread "jar transforms Thread 9" [_thread_blocked, id=24612, stack(0x000000b6e0400000,0x000000b6e0500000)]
  0x000002acfdbf5070 JavaThread "jar transforms Thread 10" [_thread_blocked, id=29020, stack(0x000000b6e0800000,0x000000b6e0900000)]
  0x000002acfdbf7e00 JavaThread "jar transforms Thread 11" [_thread_blocked, id=17896, stack(0x000000b6e0600000,0x000000b6e0700000)]
  0x000002acfdbf8820 JavaThread "jar transforms Thread 12" [_thread_blocked, id=27972, stack(0x000000b6e0a00000,0x000000b6e0b00000)]
  0x000002acfdbf64b0 JavaThread "jar transforms Thread 13" [_thread_blocked, id=18132, stack(0x000000b6e0700000,0x000000b6e0800000)]
  0x000002acfdbfab90 JavaThread "jar transforms Thread 14" [_thread_blocked, id=3040, stack(0x000000b6e0c00000,0x000000b6e0d00000)]
  0x000002acfdbf9750 JavaThread "jar transforms Thread 15" [_thread_blocked, id=25200, stack(0x000000b6e0d00000,0x000000b6e0e00000)]
  0x000002acfdbfd410 JavaThread "jar transforms Thread 16" [_thread_blocked, id=30312, stack(0x000000b6e0e00000,0x000000b6e0f00000)]
  0x000002acfdbf9c60 JavaThread "jar transforms Thread 17" [_thread_blocked, id=23548, stack(0x000000b6e1100000,0x000000b6e1200000)]
  0x000002acfdbfa680 JavaThread "jar transforms Thread 18" [_thread_blocked, id=6680, stack(0x000000b6e1200000,0x000000b6e1300000)]
  0x000002acfdbfc9f0 JavaThread "Cache worker for execution history cache (C:\dev\eurekaMobile\android\.gradle\8.13\executionHistory)" [_thread_blocked, id=16284, stack(0x000000b6e1300000,0x000000b6e1400000)]
  0x000002aca73589c0 JavaThread "WorkerExecutor Queue" [_thread_in_native, id=21560, stack(0x000000b6e0500000,0x000000b6e0600000)]
  0x000002aca735d0a0 JavaThread "RMI Scheduler(0)" daemon [_thread_blocked, id=23560, stack(0x000000b6d7400000,0x000000b6d7500000)]
  0x000002aca735b240 JavaThread "RMI RenewClean-[127.0.0.1:17448,org.jetbrains.kotlin.daemon.common.LoopbackNetworkInterface$ClientLoopbackSocketFactory@75a02ecd]" daemon [_thread_blocked, id=23904, stack(0x000000b6e1400000,0x000000b6e1500000)]
  0x000002aca7356b60 JavaThread "RMI GC Daemon" daemon [_thread_blocked, id=24856, stack(0x000000b6e1500000,0x000000b6e1600000)]
  0x000002aca735b750 JavaThread "RMI TCP Accept-0" daemon [_thread_in_native, id=12324, stack(0x000000b6e1700000,0x000000b6e1800000)]
  0x000002aca7357fa0 JavaThread "RMI Reaper" [_thread_blocked, id=31232, stack(0x000000b6e1800000,0x000000b6e1900000)]
  0x000002aca735c680 JavaThread "Exec process" [_thread_in_native, id=4240, stack(0x000000b6e0900000,0x000000b6e0a00000)]
  0x000002aca7358ed0 JavaThread "Exec process Thread 2" [_thread_in_native, id=28984, stack(0x000000b6e0b00000,0x000000b6e0c00000)]
  0x000002aca735cb90 JavaThread "Exec process Thread 3" [_thread_in_native, id=23572, stack(0x000000b6e1a00000,0x000000b6e1b00000)]
  0x000002aca5d6ea90 JavaThread "C2 CompilerThread1" daemon [_thread_blocked, id=23344, stack(0x000000b6cc300000,0x000000b6cc400000)]

Other Threads:
  0x000002acf86ec700 VMThread "VM Thread" [stack: 0x000000b6ccc00000,0x000000b6ccd00000] [id=26036]
  0x000002acd9573cc0 WatcherThread [stack: 0x000000b6cdc00000,0x000000b6cdd00000] [id=18244]
  0x000002acd9524fe0 GCTaskThread "GC Thread#0" [stack: 0x000000b6cc700000,0x000000b6cc800000] [id=33504]
  0x000002acf8a149a0 GCTaskThread "GC Thread#1" [stack: 0x000000b6ce100000,0x000000b6ce200000] [id=28940]
  0x000002acfd236fd0 GCTaskThread "GC Thread#2" [stack: 0x000000b6ce200000,0x000000b6ce300000] [id=27804]
  0x000002acfd2cf6d0 GCTaskThread "GC Thread#3" [stack: 0x000000b6ce300000,0x000000b6ce400000] [id=32076]
  0x000002acfd516f30 GCTaskThread "GC Thread#4" [stack: 0x000000b6ce400000,0x000000b6ce500000] [id=22752]
  0x000002acfd5171f0 GCTaskThread "GC Thread#5" [stack: 0x000000b6ce500000,0x000000b6ce600000] [id=22796]
  0x000002ac9ba59450 GCTaskThread "GC Thread#6" [stack: 0x000000b6cf200000,0x000000b6cf300000] [id=24812]
  0x000002acfd46f9d0 GCTaskThread "GC Thread#7" [stack: 0x000000b6cf300000,0x000000b6cf400000] [id=17648]
  0x000002acff5da030 GCTaskThread "GC Thread#8" [stack: 0x000000b6cf400000,0x000000b6cf500000] [id=25048]
  0x000002ac9c3b92e0 GCTaskThread "GC Thread#9" [stack: 0x000000b6cf500000,0x000000b6cf600000] [id=29456]
  0x000002ac9c3b7fa0 GCTaskThread "GC Thread#10" [stack: 0x000000b6cf600000,0x000000b6cf700000] [id=32708]
  0x000002ac9c3b8260 GCTaskThread "GC Thread#11" [stack: 0x000000b6cf700000,0x000000b6cf800000] [id=25056]
  0x000002ac9c3b8520 GCTaskThread "GC Thread#12" [stack: 0x000000b6cf800000,0x000000b6cf900000] [id=18752]
  0x000002ac9c3b95a0 GCTaskThread "GC Thread#13" [stack: 0x000000b6cf900000,0x000000b6cfa00000] [id=25368]
  0x000002ac9c3b87e0 GCTaskThread "GC Thread#14" [stack: 0x000000b6cfa00000,0x000000b6cfb00000] [id=15404]
  0x000002acd9535f30 ConcurrentGCThread "G1 Main Marker" [stack: 0x000000b6cc800000,0x000000b6cc900000] [id=26004]
  0x000002acd9536940 ConcurrentGCThread "G1 Conc#0" [stack: 0x000000b6cc900000,0x000000b6cca00000] [id=13932]
  0x000002ac9c3b9020 ConcurrentGCThread "G1 Conc#1" [stack: 0x000000b6cfb00000,0x000000b6cfc00000] [id=10476]
  0x000002ac9c3b8aa0 ConcurrentGCThread "G1 Conc#2" [stack: 0x000000b6cfc00000,0x000000b6cfd00000] [id=20364]
  0x000002ac9c3b7ce0 ConcurrentGCThread "G1 Conc#3" [stack: 0x000000b6cfd00000,0x000000b6cfe00000] [id=26344]
  0x000002acf8629d20 ConcurrentGCThread "G1 Refine#0" [stack: 0x000000b6cca00000,0x000000b6ccb00000] [id=20096]
  0x000002ac9bcd9c60 ConcurrentGCThread "G1 Refine#1" [stack: 0x000000b6dbe00000,0x000000b6dbf00000] [id=20568]
  0x000002acf862a660 ConcurrentGCThread "G1 Service" [stack: 0x000000b6ccb00000,0x000000b6ccc00000] [id=33648]

Threads with active compile tasks:
C2 CompilerThread0   137140 21142       4       org.gradle.internal.logging.text.AbstractLineChoppingStyledTextOutput$1::execute (9 bytes)
C1 CompilerThread0   137141 21172   !   3       java.util.concurrent.ArrayBlockingQueue::take (46 bytes)

VM state: not at safepoint (normal execution)

VM Mutex/Monitor currently owned by a thread: None

Heap address: 0x0000000080000000, size: 2048 MB, Compressed Oops mode: 32-bit

CDS archive(s) mapped at: [0x000002ac80000000-0x000002ac80bd0000-0x000002ac80bd0000), size 12386304, SharedBaseAddress: 0x000002ac80000000, ArchiveRelocationMode: 1.
Compressed class space mapped at: 0x000002ac81000000-0x000002ac9b000000, reserved size: 436207616
Narrow klass base: 0x000002ac80000000, Narrow klass shift: 0, Narrow klass range: 0x100000000

GC Precious Log:
 CPUs: 20 total, 20 available
 Memory: 15901M
 Large Page Support: Disabled
 NUMA Support: Disabled
 Compressed Oops: Enabled (32-bit)
 Heap Region Size: 1M
 Heap Min Capacity: 8M
 Heap Initial Capacity: 250M
 Heap Max Capacity: 2G
 Pre-touch: Disabled
 Parallel Workers: 15
 Concurrent Workers: 4
 Concurrent Refinement Workers: 15
 Periodic GC: Disabled

Heap:
 garbage-first heap   total 455680K, used 315922K [0x0000000080000000, 0x0000000100000000)
  region size 1024K, 58 young (59392K), 7 survivors (7168K)
 Metaspace       used 125118K, committed 126592K, reserved 557056K
  class space    used 17219K, committed 17920K, reserved 425984K

Heap Regions: E=young(eden), S=young(survivor), O=old, HS=humongous(starts), HC=humongous(continues), CS=collection set, F=free, OA=open archive, CA=closed archive, TAMS=top-at-mark-start (previous, next)
|   0|0x0000000080000000, 0x0000000080100000, 0x0000000080100000|100%|HS|  |TAMS 0x0000000080100000, 0x0000000080000000| Complete 
|   1|0x0000000080100000, 0x0000000080200000, 0x0000000080200000|100%|HC|  |TAMS 0x0000000080200000, 0x0000000080100000| Complete 
|   2|0x0000000080200000, 0x0000000080300000, 0x0000000080300000|100%|HC|  |TAMS 0x0000000080300000, 0x0000000080200000| Complete 
|   3|0x0000000080300000, 0x0000000080400000, 0x0000000080400000|100%| O|  |TAMS 0x0000000080400000, 0x0000000080300000| Untracked 
|   4|0x0000000080400000, 0x0000000080500000, 0x0000000080500000|100%| O|  |TAMS 0x0000000080500000, 0x0000000080400000| Untracked 
|   5|0x0000000080500000, 0x0000000080600000, 0x0000000080600000|100%| O|  |TAMS 0x0000000080600000, 0x0000000080500000| Untracked 
|   6|0x0000000080600000, 0x0000000080700000, 0x0000000080700000|100%|HS|  |TAMS 0x0000000080700000, 0x0000000080600000| Complete 
|   7|0x0000000080700000, 0x0000000080800000, 0x0000000080800000|100%| O|  |TAMS 0x0000000080800000, 0x0000000080700000| Untracked 
|   8|0x0000000080800000, 0x0000000080900000, 0x0000000080900000|100%| O|  |TAMS 0x0000000080900000, 0x0000000080800000| Untracked 
|   9|0x0000000080900000, 0x0000000080a00000, 0x0000000080a00000|100%| O|  |TAMS 0x0000000080a00000, 0x0000000080900000| Untracked 
|  10|0x0000000080a00000, 0x0000000080b00000, 0x0000000080b00000|100%| O|  |TAMS 0x0000000080b00000, 0x0000000080a00000| Untracked 
|  11|0x0000000080b00000, 0x0000000080c00000, 0x0000000080c00000|100%| O|  |TAMS 0x0000000080c00000, 0x0000000080b00000| Untracked 
|  12|0x0000000080c00000, 0x0000000080cbf200, 0x0000000080d00000| 74%| O|  |TAMS 0x0000000080cbf200, 0x0000000080c00000| Untracked 
|  13|0x0000000080d00000, 0x0000000080e00000, 0x0000000080e00000|100%| O|  |TAMS 0x0000000080e00000, 0x0000000080d00000| Untracked 
|  14|0x0000000080e00000, 0x0000000080f00000, 0x0000000080f00000|100%| O|  |TAMS 0x0000000080f00000, 0x0000000080e00000| Untracked 
|  15|0x0000000080f00000, 0x0000000081000000, 0x0000000081000000|100%| O|  |TAMS 0x0000000081000000, 0x0000000080f00000| Untracked 
|  16|0x0000000081000000, 0x0000000081100000, 0x0000000081100000|100%| O|  |TAMS 0x0000000081100000, 0x0000000081000000| Untracked 
|  17|0x0000000081100000, 0x0000000081200000, 0x0000000081200000|100%| O|  |TAMS 0x0000000081200000, 0x0000000081100000| Untracked 
|  18|0x0000000081200000, 0x0000000081300000, 0x0000000081300000|100%| O|  |TAMS 0x0000000081300000, 0x0000000081200000| Untracked 
|  19|0x0000000081300000, 0x0000000081400000, 0x0000000081400000|100%| O|  |TAMS 0x0000000081400000, 0x0000000081300000| Untracked 
|  20|0x0000000081400000, 0x0000000081500000, 0x0000000081500000|100%| O|  |TAMS 0x0000000081500000, 0x0000000081400000| Untracked 
|  21|0x0000000081500000, 0x0000000081600000, 0x0000000081600000|100%| O|  |TAMS 0x0000000081600000, 0x0000000081500000| Untracked 
|  22|0x0000000081600000, 0x0000000081700000, 0x0000000081700000|100%| O|  |TAMS 0x0000000081700000, 0x0000000081600000| Untracked 
|  23|0x0000000081700000, 0x0000000081800000, 0x0000000081800000|100%| O|  |TAMS 0x0000000081800000, 0x0000000081700000| Untracked 
|  24|0x0000000081800000, 0x0000000081900000, 0x0000000081900000|100%| O|  |TAMS 0x0000000081900000, 0x0000000081800000| Untracked 
|  25|0x0000000081900000, 0x0000000081a00000, 0x0000000081a00000|100%| O|  |TAMS 0x0000000081a00000, 0x0000000081900000| Untracked 
|  26|0x0000000081a00000, 0x0000000081b00000, 0x0000000081b00000|100%| O|  |TAMS 0x0000000081b00000, 0x0000000081a00000| Untracked 
|  27|0x0000000081b00000, 0x0000000081c00000, 0x0000000081c00000|100%| O|  |TAMS 0x0000000081c00000, 0x0000000081b00000| Untracked 
|  28|0x0000000081c00000, 0x0000000081d00000, 0x0000000081d00000|100%| O|  |TAMS 0x0000000081d00000, 0x0000000081c00000| Untracked 
|  29|0x0000000081d00000, 0x0000000081e00000, 0x0000000081e00000|100%| O|  |TAMS 0x0000000081e00000, 0x0000000081d00000| Untracked 
|  30|0x0000000081e00000, 0x0000000081f00000, 0x0000000081f00000|100%| O|  |TAMS 0x0000000081f00000, 0x0000000081e00000| Untracked 
|  31|0x0000000081f00000, 0x0000000082000000, 0x0000000082000000|100%| O|  |TAMS 0x0000000082000000, 0x0000000081f00000| Untracked 
|  32|0x0000000082000000, 0x0000000082100000, 0x0000000082100000|100%| O|  |TAMS 0x0000000082100000, 0x0000000082000000| Untracked 
|  33|0x0000000082100000, 0x0000000082200000, 0x0000000082200000|100%| O|  |TAMS 0x0000000082200000, 0x0000000082100000| Untracked 
|  34|0x0000000082200000, 0x0000000082300000, 0x0000000082300000|100%| O|  |TAMS 0x0000000082300000, 0x0000000082200000| Untracked 
|  35|0x0000000082300000, 0x0000000082400000, 0x0000000082400000|100%| O|  |TAMS 0x0000000082400000, 0x0000000082300000| Untracked 
|  36|0x0000000082400000, 0x0000000082500000, 0x0000000082500000|100%| O|  |TAMS 0x0000000082500000, 0x0000000082400000| Untracked 
|  37|0x0000000082500000, 0x0000000082600000, 0x0000000082600000|100%| O|  |TAMS 0x0000000082600000, 0x0000000082500000| Untracked 
|  38|0x0000000082600000, 0x0000000082700000, 0x0000000082700000|100%|HS|  |TAMS 0x0000000082700000, 0x0000000082600000| Complete 
|  39|0x0000000082700000, 0x0000000082800000, 0x0000000082800000|100%|HC|  |TAMS 0x0000000082800000, 0x0000000082700000| Complete 
|  40|0x0000000082800000, 0x0000000082900000, 0x0000000082900000|100%|HS|  |TAMS 0x0000000082900000, 0x0000000082800000| Complete 
|  41|0x0000000082900000, 0x0000000082a00000, 0x0000000082a00000|100%|HC|  |TAMS 0x0000000082a00000, 0x0000000082900000| Complete 
|  42|0x0000000082a00000, 0x0000000082b00000, 0x0000000082b00000|100%|HC|  |TAMS 0x0000000082b00000, 0x0000000082a00000| Complete 
|  43|0x0000000082b00000, 0x0000000082c00000, 0x0000000082c00000|100%|HS|  |TAMS 0x0000000082c00000, 0x0000000082b00000| Complete 
|  44|0x0000000082c00000, 0x0000000082d00000, 0x0000000082d00000|100%|HC|  |TAMS 0x0000000082d00000, 0x0000000082c00000| Complete 
|  45|0x0000000082d00000, 0x0000000082e00000, 0x0000000082e00000|100%| O|  |TAMS 0x0000000082e00000, 0x0000000082d00000| Untracked 
|  46|0x0000000082e00000, 0x0000000082f00000, 0x0000000082f00000|100%| O|  |TAMS 0x0000000082f00000, 0x0000000082e00000| Untracked 
|  47|0x0000000082f00000, 0x0000000083000000, 0x0000000083000000|100%| O|  |TAMS 0x0000000083000000, 0x0000000082f00000| Untracked 
|  48|0x0000000083000000, 0x0000000083100000, 0x0000000083100000|100%| O|  |TAMS 0x0000000083100000, 0x0000000083000000| Untracked 
|  49|0x0000000083100000, 0x0000000083200000, 0x0000000083200000|100%| O|  |TAMS 0x0000000083200000, 0x0000000083100000| Untracked 
|  50|0x0000000083200000, 0x0000000083300000, 0x0000000083300000|100%| O|  |TAMS 0x0000000083300000, 0x0000000083200000| Untracked 
|  51|0x0000000083300000, 0x0000000083400000, 0x0000000083400000|100%|HS|  |TAMS 0x0000000083400000, 0x0000000083300000| Complete 
|  52|0x0000000083400000, 0x0000000083500000, 0x0000000083500000|100%| O|  |TAMS 0x0000000083500000, 0x0000000083400000| Untracked 
|  53|0x0000000083500000, 0x0000000083600000, 0x0000000083600000|100%| O|  |TAMS 0x0000000083600000, 0x0000000083500000| Untracked 
|  54|0x0000000083600000, 0x0000000083700000, 0x0000000083700000|100%|HS|  |TAMS 0x0000000083700000, 0x0000000083600000| Complete 
|  55|0x0000000083700000, 0x0000000083800000, 0x0000000083800000|100%|HC|  |TAMS 0x0000000083800000, 0x0000000083700000| Complete 
|  56|0x0000000083800000, 0x0000000083900000, 0x0000000083900000|100%|HC|  |TAMS 0x0000000083900000, 0x0000000083800000| Complete 
|  57|0x0000000083900000, 0x0000000083a00000, 0x0000000083a00000|100%| O|  |TAMS 0x0000000083a00000, 0x0000000083900000| Untracked 
|  58|0x0000000083a00000, 0x0000000083b00000, 0x0000000083b00000|100%| O|  |TAMS 0x0000000083b00000, 0x0000000083a00000| Untracked 
|  59|0x0000000083b00000, 0x0000000083c00000, 0x0000000083c00000|100%| O|  |TAMS 0x0000000083c00000, 0x0000000083b00000| Untracked 
|  60|0x0000000083c00000, 0x0000000083d00000, 0x0000000083d00000|100%| O|  |TAMS 0x0000000083d00000, 0x0000000083c00000| Untracked 
|  61|0x0000000083d00000, 0x0000000083e00000, 0x0000000083e00000|100%| O|  |TAMS 0x0000000083e00000, 0x0000000083d00000| Untracked 
|  62|0x0000000083e00000, 0x0000000083f00000, 0x0000000083f00000|100%| O|  |TAMS 0x0000000083f00000, 0x0000000083e00000| Untracked 
|  63|0x0000000083f00000, 0x0000000084000000, 0x0000000084000000|100%|HS|  |TAMS 0x0000000084000000, 0x0000000083f00000| Complete 
|  64|0x0000000084000000, 0x0000000084100000, 0x0000000084100000|100%|HS|  |TAMS 0x0000000084100000, 0x0000000084000000| Complete 
|  65|0x0000000084100000, 0x0000000084200000, 0x0000000084200000|100%| O|  |TAMS 0x0000000084200000, 0x0000000084100000| Untracked 
|  66|0x0000000084200000, 0x0000000084300000, 0x0000000084300000|100%| O|  |TAMS 0x0000000084300000, 0x0000000084200000| Untracked 
|  67|0x0000000084300000, 0x0000000084400000, 0x0000000084400000|100%| O|  |TAMS 0x0000000084400000, 0x0000000084300000| Untracked 
|  68|0x0000000084400000, 0x0000000084500000, 0x0000000084500000|100%| O|  |TAMS 0x0000000084500000, 0x0000000084400000| Untracked 
|  69|0x0000000084500000, 0x0000000084600000, 0x0000000084600000|100%| O|  |TAMS 0x0000000084600000, 0x0000000084500000| Untracked 
|  70|0x0000000084600000, 0x0000000084700000, 0x0000000084700000|100%| O|  |TAMS 0x0000000084700000, 0x0000000084600000| Untracked 
|  71|0x0000000084700000, 0x0000000084800000, 0x0000000084800000|100%| O|  |TAMS 0x0000000084800000, 0x0000000084700000| Untracked 
|  72|0x0000000084800000, 0x0000000084900000, 0x0000000084900000|100%| O|  |TAMS 0x0000000084900000, 0x0000000084800000| Untracked 
|  73|0x0000000084900000, 0x0000000084a00000, 0x0000000084a00000|100%| O|  |TAMS 0x0000000084a00000, 0x0000000084900000| Untracked 
|  74|0x0000000084a00000, 0x0000000084b00000, 0x0000000084b00000|100%| O|  |TAMS 0x0000000084b00000, 0x0000000084a00000| Untracked 
|  75|0x0000000084b00000, 0x0000000084c00000, 0x0000000084c00000|100%| O|  |TAMS 0x0000000084c00000, 0x0000000084b00000| Untracked 
|  76|0x0000000084c00000, 0x0000000084d00000, 0x0000000084d00000|100%| O|  |TAMS 0x0000000084d00000, 0x0000000084c00000| Untracked 
|  77|0x0000000084d00000, 0x0000000084e00000, 0x0000000084e00000|100%| O|  |TAMS 0x0000000084e00000, 0x0000000084d00000| Untracked 
|  78|0x0000000084e00000, 0x0000000084f00000, 0x0000000084f00000|100%| O|  |TAMS 0x0000000084f00000, 0x0000000084e00000| Untracked 
|  79|0x0000000084f00000, 0x0000000085000000, 0x0000000085000000|100%| O|  |TAMS 0x0000000085000000, 0x0000000084f00000| Untracked 
|  80|0x0000000085000000, 0x0000000085100000, 0x0000000085100000|100%| O|  |TAMS 0x0000000085100000, 0x0000000085000000| Untracked 
|  81|0x0000000085100000, 0x0000000085200000, 0x0000000085200000|100%| O|  |TAMS 0x0000000085200000, 0x0000000085100000| Untracked 
|  82|0x0000000085200000, 0x0000000085300000, 0x0000000085300000|100%| O|  |TAMS 0x0000000085300000, 0x0000000085200000| Untracked 
|  83|0x0000000085300000, 0x0000000085400000, 0x0000000085400000|100%|HS|  |TAMS 0x0000000085400000, 0x0000000085300000| Complete 
|  84|0x0000000085400000, 0x0000000085500000, 0x0000000085500000|100%| O|  |TAMS 0x0000000085500000, 0x0000000085400000| Untracked 
|  85|0x0000000085500000, 0x0000000085600000, 0x0000000085600000|100%|HS|  |TAMS 0x0000000085600000, 0x0000000085500000| Complete 
|  86|0x0000000085600000, 0x0000000085700000, 0x0000000085700000|100%|HS|  |TAMS 0x0000000085700000, 0x0000000085600000| Complete 
|  87|0x0000000085700000, 0x0000000085800000, 0x0000000085800000|100%| O|  |TAMS 0x0000000085800000, 0x0000000085700000| Untracked 
|  88|0x0000000085800000, 0x0000000085900000, 0x0000000085900000|100%| O|  |TAMS 0x0000000085900000, 0x0000000085800000| Untracked 
|  89|0x0000000085900000, 0x0000000085a00000, 0x0000000085a00000|100%| O|  |TAMS 0x0000000085a00000, 0x0000000085900000| Untracked 
|  90|0x0000000085a00000, 0x0000000085b00000, 0x0000000085b00000|100%| O|  |TAMS 0x0000000085b00000, 0x0000000085a00000| Untracked 
|  91|0x0000000085b00000, 0x0000000085c00000, 0x0000000085c00000|100%|HS|  |TAMS 0x0000000085c00000, 0x0000000085b00000| Complete 
|  92|0x0000000085c00000, 0x0000000085d00000, 0x0000000085d00000|100%| O|  |TAMS 0x0000000085d00000, 0x0000000085c00000| Untracked 
|  93|0x0000000085d00000, 0x0000000085e00000, 0x0000000085e00000|100%| O|  |TAMS 0x0000000085e00000, 0x0000000085d00000| Untracked 
|  94|0x0000000085e00000, 0x0000000085f00000, 0x0000000085f00000|100%| O|  |TAMS 0x0000000085f00000, 0x0000000085e00000| Untracked 
|  95|0x0000000085f00000, 0x0000000086000000, 0x0000000086000000|100%| O|  |TAMS 0x0000000086000000, 0x0000000085f00000| Untracked 
|  96|0x0000000086000000, 0x0000000086100000, 0x0000000086100000|100%| O|  |TAMS 0x0000000086100000, 0x0000000086000000| Untracked 
|  97|0x0000000086100000, 0x0000000086200000, 0x0000000086200000|100%| O|  |TAMS 0x0000000086200000, 0x0000000086100000| Untracked 
|  98|0x0000000086200000, 0x0000000086300000, 0x0000000086300000|100%| O|  |TAMS 0x0000000086300000, 0x0000000086200000| Untracked 
|  99|0x0000000086300000, 0x0000000086400000, 0x0000000086400000|100%| O|  |TAMS 0x0000000086400000, 0x0000000086300000| Untracked 
| 100|0x0000000086400000, 0x0000000086500000, 0x0000000086500000|100%| O|  |TAMS 0x0000000086500000, 0x0000000086400000| Untracked 
| 101|0x0000000086500000, 0x0000000086600000, 0x0000000086600000|100%| O|  |TAMS 0x0000000086600000, 0x0000000086500000| Untracked 
| 102|0x0000000086600000, 0x0000000086700000, 0x0000000086700000|100%| O|  |TAMS 0x0000000086700000, 0x0000000086600000| Untracked 
| 103|0x0000000086700000, 0x0000000086800000, 0x0000000086800000|100%| O|  |TAMS 0x0000000086800000, 0x0000000086700000| Untracked 
| 104|0x0000000086800000, 0x0000000086900000, 0x0000000086900000|100%| O|  |TAMS 0x0000000086900000, 0x0000000086800000| Untracked 
| 105|0x0000000086900000, 0x0000000086a00000, 0x0000000086a00000|100%|HS|  |TAMS 0x0000000086a00000, 0x0000000086900000| Complete 
| 106|0x0000000086a00000, 0x0000000086b00000, 0x0000000086b00000|100%|HC|  |TAMS 0x0000000086b00000, 0x0000000086a00000| Complete 
| 107|0x0000000086b00000, 0x0000000086c00000, 0x0000000086c00000|100%| O|  |TAMS 0x0000000086c00000, 0x0000000086b00000| Untracked 
| 108|0x0000000086c00000, 0x0000000086d00000, 0x0000000086d00000|100%| O|  |TAMS 0x0000000086d00000, 0x0000000086c00000| Untracked 
| 109|0x0000000086d00000, 0x0000000086e00000, 0x0000000086e00000|100%| O|  |TAMS 0x0000000086e00000, 0x0000000086d00000| Untracked 
| 110|0x0000000086e00000, 0x0000000086f00000, 0x0000000086f00000|100%|HS|  |TAMS 0x0000000086f00000, 0x0000000086e00000| Complete 
| 111|0x0000000086f00000, 0x0000000087000000, 0x0000000087000000|100%|HS|  |TAMS 0x0000000087000000, 0x0000000086f00000| Complete 
| 112|0x0000000087000000, 0x0000000087100000, 0x0000000087100000|100%|HS|  |TAMS 0x0000000087100000, 0x0000000087000000| Complete 
| 113|0x0000000087100000, 0x0000000087200000, 0x0000000087200000|100%|HC|  |TAMS 0x0000000087200000, 0x0000000087100000| Complete 
| 114|0x0000000087200000, 0x0000000087300000, 0x0000000087300000|100%| O|  |TAMS 0x0000000087300000, 0x0000000087200000| Untracked 
| 115|0x0000000087300000, 0x0000000087400000, 0x0000000087400000|100%| O|  |TAMS 0x0000000087400000, 0x0000000087300000| Untracked 
| 116|0x0000000087400000, 0x0000000087500000, 0x0000000087500000|100%| O|  |TAMS 0x0000000087500000, 0x0000000087400000| Untracked 
| 117|0x0000000087500000, 0x0000000087600000, 0x0000000087600000|100%| O|  |TAMS 0x0000000087600000, 0x0000000087500000| Untracked 
| 118|0x0000000087600000, 0x0000000087700000, 0x0000000087700000|100%| O|  |TAMS 0x0000000087700000, 0x0000000087600000| Untracked 
| 119|0x0000000087700000, 0x0000000087800000, 0x0000000087800000|100%| O|  |TAMS 0x0000000087800000, 0x0000000087700000| Untracked 
| 120|0x0000000087800000, 0x0000000087900000, 0x0000000087900000|100%| O|  |TAMS 0x0000000087900000, 0x0000000087800000| Untracked 
| 121|0x0000000087900000, 0x0000000087a00000, 0x0000000087a00000|100%| O|  |TAMS 0x0000000087a00000, 0x0000000087900000| Untracked 
| 122|0x0000000087a00000, 0x0000000087b00000, 0x0000000087b00000|100%| O|  |TAMS 0x0000000087b00000, 0x0000000087a00000| Untracked 
| 123|0x0000000087b00000, 0x0000000087c00000, 0x0000000087c00000|100%| O|  |TAMS 0x0000000087c00000, 0x0000000087b00000| Untracked 
| 124|0x0000000087c00000, 0x0000000087d00000, 0x0000000087d00000|100%| O|  |TAMS 0x0000000087d00000, 0x0000000087c00000| Untracked 
| 125|0x0000000087d00000, 0x0000000087e00000, 0x0000000087e00000|100%| O|  |TAMS 0x0000000087e00000, 0x0000000087d00000| Untracked 
| 126|0x0000000087e00000, 0x0000000087f00000, 0x0000000087f00000|100%| O|  |TAMS 0x0000000087f00000, 0x0000000087e00000| Untracked 
| 127|0x0000000087f00000, 0x0000000088000000, 0x0000000088000000|100%| O|  |TAMS 0x0000000088000000, 0x0000000087f00000| Untracked 
| 128|0x0000000088000000, 0x0000000088100000, 0x0000000088100000|100%| O|  |TAMS 0x0000000088100000, 0x0000000088000000| Untracked 
| 129|0x0000000088100000, 0x0000000088200000, 0x0000000088200000|100%| O|  |TAMS 0x0000000088200000, 0x0000000088100000| Untracked 
| 130|0x0000000088200000, 0x0000000088300000, 0x0000000088300000|100%| O|  |TAMS 0x0000000088300000, 0x0000000088200000| Untracked 
| 131|0x0000000088300000, 0x0000000088400000, 0x0000000088400000|100%| O|  |TAMS 0x0000000088400000, 0x0000000088300000| Untracked 
| 132|0x0000000088400000, 0x0000000088500000, 0x0000000088500000|100%| O|  |TAMS 0x0000000088500000, 0x0000000088400000| Untracked 
| 133|0x0000000088500000, 0x0000000088600000, 0x0000000088600000|100%| O|  |TAMS 0x0000000088600000, 0x0000000088500000| Untracked 
| 134|0x0000000088600000, 0x0000000088700000, 0x0000000088700000|100%| O|  |TAMS 0x0000000088700000, 0x0000000088600000| Untracked 
| 135|0x0000000088700000, 0x0000000088800000, 0x0000000088800000|100%| O|  |TAMS 0x0000000088800000, 0x0000000088700000| Untracked 
| 136|0x0000000088800000, 0x0000000088900000, 0x0000000088900000|100%| O|  |TAMS 0x0000000088900000, 0x0000000088800000| Untracked 
| 137|0x0000000088900000, 0x0000000088a00000, 0x0000000088a00000|100%| O|  |TAMS 0x0000000088a00000, 0x0000000088900000| Untracked 
| 138|0x0000000088a00000, 0x0000000088b00000, 0x0000000088b00000|100%| O|  |TAMS 0x0000000088b00000, 0x0000000088a00000| Untracked 
| 139|0x0000000088b00000, 0x0000000088c00000, 0x0000000088c00000|100%| O|  |TAMS 0x0000000088c00000, 0x0000000088b00000| Complete 
| 140|0x0000000088c00000, 0x0000000088d00000, 0x0000000088d00000|100%|HS|  |TAMS 0x0000000088d00000, 0x0000000088c00000| Complete 
| 141|0x0000000088d00000, 0x0000000088e00000, 0x0000000088e00000|100%|HS|  |TAMS 0x0000000088e00000, 0x0000000088d00000| Complete 
| 142|0x0000000088e00000, 0x0000000088f00000, 0x0000000088f00000|100%|HS|  |TAMS 0x0000000088f00000, 0x0000000088e00000| Complete 
| 143|0x0000000088f00000, 0x0000000089000000, 0x0000000089000000|100%| O|  |TAMS 0x0000000089000000, 0x0000000088f00000| Untracked 
| 144|0x0000000089000000, 0x0000000089100000, 0x0000000089100000|100%| O|  |TAMS 0x0000000089100000, 0x0000000089000000| Untracked 
| 145|0x0000000089100000, 0x0000000089200000, 0x0000000089200000|100%| O|  |TAMS 0x0000000089200000, 0x0000000089100000| Complete 
| 146|0x0000000089200000, 0x0000000089300000, 0x0000000089300000|100%| O|  |TAMS 0x0000000089300000, 0x0000000089200000| Untracked 
| 147|0x0000000089300000, 0x0000000089400000, 0x0000000089400000|100%| O|  |TAMS 0x0000000089400000, 0x0000000089300000| Complete 
| 148|0x0000000089400000, 0x0000000089500000, 0x0000000089500000|100%| O|  |TAMS 0x0000000089500000, 0x0000000089400000| Complete 
| 149|0x0000000089500000, 0x0000000089600000, 0x0000000089600000|100%| O|  |TAMS 0x0000000089600000, 0x0000000089500000| Untracked 
| 150|0x0000000089600000, 0x0000000089700000, 0x0000000089700000|100%| O|  |TAMS 0x0000000089700000, 0x0000000089600000| Untracked 
| 151|0x0000000089700000, 0x0000000089800000, 0x0000000089800000|100%| O|  |TAMS 0x0000000089800000, 0x0000000089700000| Untracked 
| 152|0x0000000089800000, 0x0000000089900000, 0x0000000089900000|100%| O|  |TAMS 0x0000000089900000, 0x0000000089800000| Untracked 
| 153|0x0000000089900000, 0x0000000089a00000, 0x0000000089a00000|100%| O|  |TAMS 0x0000000089a00000, 0x0000000089900000| Untracked 
| 154|0x0000000089a00000, 0x0000000089b00000, 0x0000000089b00000|100%| O|  |TAMS 0x0000000089b00000, 0x0000000089a00000| Untracked 
| 155|0x0000000089b00000, 0x0000000089c00000, 0x0000000089c00000|100%| O|  |TAMS 0x0000000089c00000, 0x0000000089b00000| Untracked 
| 156|0x0000000089c00000, 0x0000000089d00000, 0x0000000089d00000|100%| O|  |TAMS 0x0000000089d00000, 0x0000000089c00000| Untracked 
| 157|0x0000000089d00000, 0x0000000089e00000, 0x0000000089e00000|100%| O|  |TAMS 0x0000000089e00000, 0x0000000089d00000| Untracked 
| 158|0x0000000089e00000, 0x0000000089f00000, 0x0000000089f00000|100%| O|  |TAMS 0x0000000089f00000, 0x0000000089e00000| Untracked 
| 159|0x0000000089f00000, 0x000000008a000000, 0x000000008a000000|100%| O|  |TAMS 0x000000008a000000, 0x0000000089f00000| Untracked 
| 160|0x000000008a000000, 0x000000008a100000, 0x000000008a100000|100%| O|  |TAMS 0x000000008a100000, 0x000000008a000000| Untracked 
| 161|0x000000008a100000, 0x000000008a200000, 0x000000008a200000|100%| O|  |TAMS 0x000000008a200000, 0x000000008a100000| Untracked 
| 162|0x000000008a200000, 0x000000008a300000, 0x000000008a300000|100%| O|  |TAMS 0x000000008a300000, 0x000000008a200000| Untracked 
| 163|0x000000008a300000, 0x000000008a400000, 0x000000008a400000|100%| O|  |TAMS 0x000000008a400000, 0x000000008a300000| Untracked 
| 164|0x000000008a400000, 0x000000008a500000, 0x000000008a500000|100%| O|  |TAMS 0x000000008a500000, 0x000000008a400000| Untracked 
| 165|0x000000008a500000, 0x000000008a600000, 0x000000008a600000|100%| O|  |TAMS 0x000000008a600000, 0x000000008a500000| Untracked 
| 166|0x000000008a600000, 0x000000008a700000, 0x000000008a700000|100%| O|  |TAMS 0x000000008a700000, 0x000000008a600000| Untracked 
| 167|0x000000008a700000, 0x000000008a800000, 0x000000008a800000|100%| O|  |TAMS 0x000000008a800000, 0x000000008a700000| Untracked 
| 168|0x000000008a800000, 0x000000008a900000, 0x000000008a900000|100%| O|  |TAMS 0x000000008a900000, 0x000000008a800000| Untracked 
| 169|0x000000008a900000, 0x000000008aa00000, 0x000000008aa00000|100%| O|  |TAMS 0x000000008aa00000, 0x000000008a900000| Untracked 
| 170|0x000000008aa00000, 0x000000008ab00000, 0x000000008ab00000|100%| O|  |TAMS 0x000000008ab00000, 0x000000008aa00000| Complete 
| 171|0x000000008ab00000, 0x000000008ac00000, 0x000000008ac00000|100%| O|  |TAMS 0x000000008ac00000, 0x000000008ab00000| Untracked 
| 172|0x000000008ac00000, 0x000000008ad00000, 0x000000008ad00000|100%| O|  |TAMS 0x000000008ad00000, 0x000000008ac00000| Untracked 
| 173|0x000000008ad00000, 0x000000008ae00000, 0x000000008ae00000|100%| O|  |TAMS 0x000000008ae00000, 0x000000008ad00000| Untracked 
| 174|0x000000008ae00000, 0x000000008af00000, 0x000000008af00000|100%| O|  |TAMS 0x000000008af00000, 0x000000008ae00000| Untracked 
| 175|0x000000008af00000, 0x000000008b000000, 0x000000008b000000|100%| O|  |TAMS 0x000000008b000000, 0x000000008af00000| Untracked 
| 176|0x000000008b000000, 0x000000008b100000, 0x000000008b100000|100%| O|  |TAMS 0x000000008b100000, 0x000000008b000000| Untracked 
| 177|0x000000008b100000, 0x000000008b200000, 0x000000008b200000|100%| O|  |TAMS 0x000000008b200000, 0x000000008b100000| Untracked 
| 178|0x000000008b200000, 0x000000008b300000, 0x000000008b300000|100%| O|  |TAMS 0x000000008b300000, 0x000000008b200000| Untracked 
| 179|0x000000008b300000, 0x000000008b400000, 0x000000008b400000|100%| O|  |TAMS 0x000000008b400000, 0x000000008b300000| Untracked 
| 180|0x000000008b400000, 0x000000008b500000, 0x000000008b500000|100%| O|  |TAMS 0x000000008b500000, 0x000000008b400000| Untracked 
| 181|0x000000008b500000, 0x000000008b600000, 0x000000008b600000|100%| O|  |TAMS 0x000000008b600000, 0x000000008b500000| Untracked 
| 182|0x000000008b600000, 0x000000008b700000, 0x000000008b700000|100%| O|  |TAMS 0x000000008b700000, 0x000000008b600000| Untracked 
| 183|0x000000008b700000, 0x000000008b800000, 0x000000008b800000|100%| O|  |TAMS 0x000000008b800000, 0x000000008b700000| Untracked 
| 184|0x000000008b800000, 0x000000008b900000, 0x000000008b900000|100%| O|  |TAMS 0x000000008b900000, 0x000000008b800000| Untracked 
| 185|0x000000008b900000, 0x000000008ba00000, 0x000000008ba00000|100%| O|  |TAMS 0x000000008ba00000, 0x000000008b900000| Untracked 
| 186|0x000000008ba00000, 0x000000008bb00000, 0x000000008bb00000|100%| O|  |TAMS 0x000000008bb00000, 0x000000008ba00000| Untracked 
| 187|0x000000008bb00000, 0x000000008bc00000, 0x000000008bc00000|100%| O|  |TAMS 0x000000008bc00000, 0x000000008bb00000| Complete 
| 188|0x000000008bc00000, 0x000000008bd00000, 0x000000008bd00000|100%| O|  |TAMS 0x000000008bd00000, 0x000000008bc00000| Complete 
| 189|0x000000008bd00000, 0x000000008be00000, 0x000000008be00000|100%|HS|  |TAMS 0x000000008be00000, 0x000000008bd00000| Complete 
| 190|0x000000008be00000, 0x000000008bf00000, 0x000000008bf00000|100%|HS|  |TAMS 0x000000008bf00000, 0x000000008be00000| Complete 
| 191|0x000000008bf00000, 0x000000008c000000, 0x000000008c000000|100%| O|  |TAMS 0x000000008c000000, 0x000000008bf00000| Untracked 
| 192|0x000000008c000000, 0x000000008c100000, 0x000000008c100000|100%| O|  |TAMS 0x000000008c100000, 0x000000008c000000| Untracked 
| 193|0x000000008c100000, 0x000000008c200000, 0x000000008c200000|100%| O|  |TAMS 0x000000008c200000, 0x000000008c100000| Complete 
| 194|0x000000008c200000, 0x000000008c300000, 0x000000008c300000|100%| O|  |TAMS 0x000000008c300000, 0x000000008c200000| Complete 
| 195|0x000000008c300000, 0x000000008c400000, 0x000000008c400000|100%| O|  |TAMS 0x000000008c400000, 0x000000008c300000| Untracked 
| 196|0x000000008c400000, 0x000000008c500000, 0x000000008c500000|100%| O|  |TAMS 0x000000008c500000, 0x000000008c400000| Untracked 
| 197|0x000000008c500000, 0x000000008c600000, 0x000000008c600000|100%| O|  |TAMS 0x000000008c600000, 0x000000008c500000| Untracked 
| 198|0x000000008c600000, 0x000000008c700000, 0x000000008c700000|100%| O|  |TAMS 0x000000008c700000, 0x000000008c600000| Untracked 
| 199|0x000000008c700000, 0x000000008c800000, 0x000000008c800000|100%| O|  |TAMS 0x000000008c800000, 0x000000008c700000| Untracked 
| 200|0x000000008c800000, 0x000000008c900000, 0x000000008c900000|100%| O|  |TAMS 0x000000008c900000, 0x000000008c800000| Untracked 
| 201|0x000000008c900000, 0x000000008ca00000, 0x000000008ca00000|100%| O|  |TAMS 0x000000008ca00000, 0x000000008c900000| Untracked 
| 202|0x000000008ca00000, 0x000000008cb00000, 0x000000008cb00000|100%| O|  |TAMS 0x000000008cb00000, 0x000000008ca00000| Untracked 
| 203|0x000000008cb00000, 0x000000008cc00000, 0x000000008cc00000|100%| O|  |TAMS 0x000000008cc00000, 0x000000008cb00000| Untracked 
| 204|0x000000008cc00000, 0x000000008cd00000, 0x000000008cd00000|100%| O|  |TAMS 0x000000008cd00000, 0x000000008cc00000| Untracked 
| 205|0x000000008cd00000, 0x000000008ce00000, 0x000000008ce00000|100%| O|  |TAMS 0x000000008ce00000, 0x000000008cd00000| Untracked 
| 206|0x000000008ce00000, 0x000000008cf00000, 0x000000008cf00000|100%| O|  |TAMS 0x000000008cf00000, 0x000000008ce00000| Untracked 
| 207|0x000000008cf00000, 0x000000008d000000, 0x000000008d000000|100%| O|  |TAMS 0x000000008d000000, 0x000000008cf00000| Untracked 
| 208|0x000000008d000000, 0x000000008d100000, 0x000000008d100000|100%| O|  |TAMS 0x000000008d100000, 0x000000008d000000| Untracked 
| 209|0x000000008d100000, 0x000000008d200000, 0x000000008d200000|100%| O|  |TAMS 0x000000008d200000, 0x000000008d100000| Untracked 
| 210|0x000000008d200000, 0x000000008d300000, 0x000000008d300000|100%| O|  |TAMS 0x000000008d300000, 0x000000008d200000| Untracked 
| 211|0x000000008d300000, 0x000000008d400000, 0x000000008d400000|100%|HS|  |TAMS 0x000000008d400000, 0x000000008d300000| Complete 
| 212|0x000000008d400000, 0x000000008d500000, 0x000000008d500000|100%|HS|  |TAMS 0x000000008d500000, 0x000000008d400000| Complete 
| 213|0x000000008d500000, 0x000000008d600000, 0x000000008d600000|100%| O|  |TAMS 0x000000008d600000, 0x000000008d500000| Untracked 
| 214|0x000000008d600000, 0x000000008d700000, 0x000000008d700000|100%| O|  |TAMS 0x000000008d700000, 0x000000008d600000| Untracked 
| 215|0x000000008d700000, 0x000000008d800000, 0x000000008d800000|100%| O|  |TAMS 0x000000008d800000, 0x000000008d700000| Untracked 
| 216|0x000000008d800000, 0x000000008d900000, 0x000000008d900000|100%| O|  |TAMS 0x000000008d900000, 0x000000008d800000| Untracked 
| 217|0x000000008d900000, 0x000000008da00000, 0x000000008da00000|100%| O|  |TAMS 0x000000008da00000, 0x000000008d900000| Untracked 
| 218|0x000000008da00000, 0x000000008db00000, 0x000000008db00000|100%| O|  |TAMS 0x000000008db00000, 0x000000008da00000| Untracked 
| 219|0x000000008db00000, 0x000000008dc00000, 0x000000008dc00000|100%| O|  |TAMS 0x000000008dc00000, 0x000000008db00000| Complete 
| 220|0x000000008dc00000, 0x000000008dd00000, 0x000000008dd00000|100%| O|  |TAMS 0x000000008dd00000, 0x000000008dc00000| Complete 
| 221|0x000000008dd00000, 0x000000008de00000, 0x000000008de00000|100%| O|  |TAMS 0x000000008de00000, 0x000000008dd00000| Untracked 
| 222|0x000000008de00000, 0x000000008df00000, 0x000000008df00000|100%| O|  |TAMS 0x000000008df00000, 0x000000008de00000| Untracked 
| 223|0x000000008df00000, 0x000000008e000000, 0x000000008e000000|100%| O|  |TAMS 0x000000008e000000, 0x000000008df00000| Untracked 
| 224|0x000000008e000000, 0x000000008e100000, 0x000000008e100000|100%| O|  |TAMS 0x000000008e100000, 0x000000008e000000| Untracked 
| 225|0x000000008e100000, 0x000000008e200000, 0x000000008e200000|100%| O|  |TAMS 0x000000008e200000, 0x000000008e100000| Untracked 
| 226|0x000000008e200000, 0x000000008e300000, 0x000000008e300000|100%| O|  |TAMS 0x000000008e300000, 0x000000008e200000| Untracked 
| 227|0x000000008e300000, 0x000000008e400000, 0x000000008e400000|100%| O|  |TAMS 0x000000008e400000, 0x000000008e300000| Untracked 
| 228|0x000000008e400000, 0x000000008e500000, 0x000000008e500000|100%| O|  |TAMS 0x000000008e500000, 0x000000008e400000| Untracked 
| 229|0x000000008e500000, 0x000000008e600000, 0x000000008e600000|100%| O|  |TAMS 0x000000008e600000, 0x000000008e500000| Untracked 
| 230|0x000000008e600000, 0x000000008e700000, 0x000000008e700000|100%| O|  |TAMS 0x000000008e700000, 0x000000008e600000| Untracked 
| 231|0x000000008e700000, 0x000000008e800000, 0x000000008e800000|100%| O|  |TAMS 0x000000008e800000, 0x000000008e700000| Untracked 
| 232|0x000000008e800000, 0x000000008e900000, 0x000000008e900000|100%| O|  |TAMS 0x000000008e900000, 0x000000008e800000| Untracked 
| 233|0x000000008e900000, 0x000000008ea00000, 0x000000008ea00000|100%| O|  |TAMS 0x000000008ea00000, 0x000000008e900000| Untracked 
| 234|0x000000008ea00000, 0x000000008eb00000, 0x000000008eb00000|100%| O|  |TAMS 0x000000008eb00000, 0x000000008ea00000| Untracked 
| 235|0x000000008eb00000, 0x000000008ec00000, 0x000000008ec00000|100%| O|  |TAMS 0x000000008ec00000, 0x000000008eb00000| Untracked 
| 236|0x000000008ec00000, 0x000000008ed00000, 0x000000008ed00000|100%| O|  |TAMS 0x000000008ed00000, 0x000000008ec00000| Untracked 
| 237|0x000000008ed00000, 0x000000008ee00000, 0x000000008ee00000|100%| O|  |TAMS 0x000000008ee00000, 0x000000008ed00000| Untracked 
| 238|0x000000008ee00000, 0x000000008ef00000, 0x000000008ef00000|100%| O|  |TAMS 0x000000008ef00000, 0x000000008ee00000| Untracked 
| 239|0x000000008ef00000, 0x000000008f000000, 0x000000008f000000|100%| O|  |TAMS 0x000000008f000000, 0x000000008ef00000| Untracked 
| 240|0x000000008f000000, 0x000000008f100000, 0x000000008f100000|100%| O|  |TAMS 0x000000008f100000, 0x000000008f000000| Untracked 
| 241|0x000000008f100000, 0x000000008f200000, 0x000000008f200000|100%| O|  |TAMS 0x000000008f200000, 0x000000008f100000| Untracked 
| 242|0x000000008f200000, 0x000000008f300000, 0x000000008f300000|100%| O|  |TAMS 0x000000008f300000, 0x000000008f200000| Untracked 
| 243|0x000000008f300000, 0x000000008f400000, 0x000000008f400000|100%| O|  |TAMS 0x000000008f400000, 0x000000008f300000| Untracked 
| 244|0x000000008f400000, 0x000000008f500000, 0x000000008f500000|100%| O|  |TAMS 0x000000008f500000, 0x000000008f400000| Untracked 
| 245|0x000000008f500000, 0x000000008f600000, 0x000000008f600000|100%| O|  |TAMS 0x000000008f600000, 0x000000008f500000| Untracked 
| 246|0x000000008f600000, 0x000000008f700000, 0x000000008f700000|100%| O|  |TAMS 0x000000008f700000, 0x000000008f600000| Untracked 
| 247|0x000000008f700000, 0x000000008f800000, 0x000000008f800000|100%| O|  |TAMS 0x000000008f800000, 0x000000008f700000| Untracked 
| 248|0x000000008f800000, 0x000000008f900000, 0x000000008f900000|100%| O|  |TAMS 0x000000008f900000, 0x000000008f800000| Untracked 
| 249|0x000000008f900000, 0x000000008fa00000, 0x000000008fa00000|100%| O|  |TAMS 0x000000008fa00000, 0x000000008f900000| Untracked 
| 250|0x000000008fa00000, 0x000000008fb00000, 0x000000008fb00000|100%| O|  |TAMS 0x000000008fb00000, 0x000000008fa00000| Untracked 
| 251|0x000000008fb00000, 0x000000008fc00000, 0x000000008fc00000|100%| O|  |TAMS 0x000000008fc00000, 0x000000008fb00000| Untracked 
| 252|0x000000008fc00000, 0x000000008fd00000, 0x000000008fd00000|100%| O|  |TAMS 0x000000008fd00000, 0x000000008fc00000| Untracked 
| 253|0x000000008fd00000, 0x000000008fda6800, 0x000000008fe00000| 65%| O|  |TAMS 0x000000008fda6800, 0x000000008fd00000| Untracked 
| 254|0x000000008fe00000, 0x000000008fe00000, 0x000000008ff00000|  0%| F|  |TAMS 0x000000008fe00000, 0x000000008fe00000| Untracked 
| 255|0x000000008ff00000, 0x000000008ff00000, 0x0000000090000000|  0%| F|  |TAMS 0x000000008ff00000, 0x000000008ff00000| Untracked 
| 256|0x0000000090000000, 0x0000000090000000, 0x0000000090100000|  0%| F|  |TAMS 0x0000000090000000, 0x0000000090000000| Untracked 
| 257|0x0000000090100000, 0x0000000090100000, 0x0000000090200000|  0%| F|  |TAMS 0x0000000090100000, 0x0000000090100000| Untracked 
| 258|0x0000000090200000, 0x0000000090200000, 0x0000000090300000|  0%| F|  |TAMS 0x0000000090200000, 0x0000000090200000| Untracked 
| 259|0x0000000090300000, 0x0000000090300000, 0x0000000090400000|  0%| F|  |TAMS 0x0000000090300000, 0x0000000090300000| Untracked 
| 260|0x0000000090400000, 0x0000000090400000, 0x0000000090500000|  0%| F|  |TAMS 0x0000000090400000, 0x0000000090400000| Untracked 
| 261|0x0000000090500000, 0x0000000090500000, 0x0000000090600000|  0%| F|  |TAMS 0x0000000090500000, 0x0000000090500000| Untracked 
| 262|0x0000000090600000, 0x0000000090600000, 0x0000000090700000|  0%| F|  |TAMS 0x0000000090600000, 0x0000000090600000| Untracked 
| 263|0x0000000090700000, 0x0000000090700000, 0x0000000090800000|  0%| F|  |TAMS 0x0000000090700000, 0x0000000090700000| Untracked 
| 264|0x0000000090800000, 0x0000000090800000, 0x0000000090900000|  0%| F|  |TAMS 0x0000000090800000, 0x0000000090800000| Untracked 
| 265|0x0000000090900000, 0x0000000090900000, 0x0000000090a00000|  0%| F|  |TAMS 0x0000000090900000, 0x0000000090900000| Untracked 
| 266|0x0000000090a00000, 0x0000000090a00000, 0x0000000090b00000|  0%| F|  |TAMS 0x0000000090a00000, 0x0000000090a00000| Untracked 
| 267|0x0000000090b00000, 0x0000000090b00000, 0x0000000090c00000|  0%| F|  |TAMS 0x0000000090b00000, 0x0000000090b00000| Untracked 
| 268|0x0000000090c00000, 0x0000000090c00000, 0x0000000090d00000|  0%| F|  |TAMS 0x0000000090c00000, 0x0000000090c00000| Untracked 
| 269|0x0000000090d00000, 0x0000000090d00000, 0x0000000090e00000|  0%| F|  |TAMS 0x0000000090d00000, 0x0000000090d00000| Untracked 
| 270|0x0000000090e00000, 0x0000000090e00000, 0x0000000090f00000|  0%| F|  |TAMS 0x0000000090e00000, 0x0000000090e00000| Untracked 
| 271|0x0000000090f00000, 0x0000000090f00000, 0x0000000091000000|  0%| F|  |TAMS 0x0000000090f00000, 0x0000000090f00000| Untracked 
| 272|0x0000000091000000, 0x0000000091000000, 0x0000000091100000|  0%| F|  |TAMS 0x0000000091000000, 0x0000000091000000| Untracked 
| 273|0x0000000091100000, 0x0000000091100000, 0x0000000091200000|  0%| F|  |TAMS 0x0000000091100000, 0x0000000091100000| Untracked 
| 274|0x0000000091200000, 0x0000000091200000, 0x0000000091300000|  0%| F|  |TAMS 0x0000000091200000, 0x0000000091200000| Untracked 
| 275|0x0000000091300000, 0x0000000091300000, 0x0000000091400000|  0%| F|  |TAMS 0x0000000091300000, 0x0000000091300000| Untracked 
| 276|0x0000000091400000, 0x0000000091400000, 0x0000000091500000|  0%| F|  |TAMS 0x0000000091400000, 0x0000000091400000| Untracked 
| 277|0x0000000091500000, 0x0000000091500000, 0x0000000091600000|  0%| F|  |TAMS 0x0000000091500000, 0x0000000091500000| Untracked 
| 278|0x0000000091600000, 0x0000000091600000, 0x0000000091700000|  0%| F|  |TAMS 0x0000000091600000, 0x0000000091600000| Untracked 
| 279|0x0000000091700000, 0x0000000091700000, 0x0000000091800000|  0%| F|  |TAMS 0x0000000091700000, 0x0000000091700000| Untracked 
| 280|0x0000000091800000, 0x0000000091800000, 0x0000000091900000|  0%| F|  |TAMS 0x0000000091800000, 0x0000000091800000| Untracked 
| 281|0x0000000091900000, 0x0000000091900000, 0x0000000091a00000|  0%| F|  |TAMS 0x0000000091900000, 0x0000000091900000| Untracked 
| 282|0x0000000091a00000, 0x0000000091a00000, 0x0000000091b00000|  0%| F|  |TAMS 0x0000000091a00000, 0x0000000091a00000| Untracked 
| 283|0x0000000091b00000, 0x0000000091b00000, 0x0000000091c00000|  0%| F|  |TAMS 0x0000000091b00000, 0x0000000091b00000| Untracked 
| 284|0x0000000091c00000, 0x0000000091c00000, 0x0000000091d00000|  0%| F|  |TAMS 0x0000000091c00000, 0x0000000091c00000| Untracked 
| 285|0x0000000091d00000, 0x0000000091d00000, 0x0000000091e00000|  0%| F|  |TAMS 0x0000000091d00000, 0x0000000091d00000| Untracked 
| 286|0x0000000091e00000, 0x0000000091e00000, 0x0000000091f00000|  0%| F|  |TAMS 0x0000000091e00000, 0x0000000091e00000| Untracked 
| 287|0x0000000091f00000, 0x0000000091f00000, 0x0000000092000000|  0%| F|  |TAMS 0x0000000091f00000, 0x0000000091f00000| Untracked 
| 288|0x0000000092000000, 0x0000000092000000, 0x0000000092100000|  0%| F|  |TAMS 0x0000000092000000, 0x0000000092000000| Untracked 
| 289|0x0000000092100000, 0x0000000092100000, 0x0000000092200000|  0%| F|  |TAMS 0x0000000092100000, 0x0000000092100000| Untracked 
| 290|0x0000000092200000, 0x0000000092200000, 0x0000000092300000|  0%| F|  |TAMS 0x0000000092200000, 0x0000000092200000| Untracked 
| 291|0x0000000092300000, 0x0000000092300000, 0x0000000092400000|  0%| F|  |TAMS 0x0000000092300000, 0x0000000092300000| Untracked 
| 292|0x0000000092400000, 0x0000000092400000, 0x0000000092500000|  0%| F|  |TAMS 0x0000000092400000, 0x0000000092400000| Untracked 
| 293|0x0000000092500000, 0x0000000092500000, 0x0000000092600000|  0%| F|  |TAMS 0x0000000092500000, 0x0000000092500000| Untracked 
| 294|0x0000000092600000, 0x0000000092600000, 0x0000000092700000|  0%| F|  |TAMS 0x0000000092600000, 0x0000000092600000| Untracked 
| 295|0x0000000092700000, 0x0000000092700000, 0x0000000092800000|  0%| F|  |TAMS 0x0000000092700000, 0x0000000092700000| Untracked 
| 296|0x0000000092800000, 0x0000000092800000, 0x0000000092900000|  0%| F|  |TAMS 0x0000000092800000, 0x0000000092800000| Untracked 
| 297|0x0000000092900000, 0x0000000092900000, 0x0000000092a00000|  0%| F|  |TAMS 0x0000000092900000, 0x0000000092900000| Untracked 
| 298|0x0000000092a00000, 0x0000000092a00000, 0x0000000092b00000|  0%| F|  |TAMS 0x0000000092a00000, 0x0000000092a00000| Untracked 
| 299|0x0000000092b00000, 0x0000000092b00000, 0x0000000092c00000|  0%| F|  |TAMS 0x0000000092b00000, 0x0000000092b00000| Untracked 
| 300|0x0000000092c00000, 0x0000000092c00000, 0x0000000092d00000|  0%| F|  |TAMS 0x0000000092c00000, 0x0000000092c00000| Untracked 
| 301|0x0000000092d00000, 0x0000000092d00000, 0x0000000092e00000|  0%| F|  |TAMS 0x0000000092d00000, 0x0000000092d00000| Untracked 
| 302|0x0000000092e00000, 0x0000000092e00000, 0x0000000092f00000|  0%| F|  |TAMS 0x0000000092e00000, 0x0000000092e00000| Untracked 
| 303|0x0000000092f00000, 0x0000000092f00000, 0x0000000093000000|  0%| F|  |TAMS 0x0000000092f00000, 0x0000000092f00000| Untracked 
| 304|0x0000000093000000, 0x0000000093000000, 0x0000000093100000|  0%| F|  |TAMS 0x0000000093000000, 0x0000000093000000| Untracked 
| 305|0x0000000093100000, 0x0000000093100000, 0x0000000093200000|  0%| F|  |TAMS 0x0000000093100000, 0x0000000093100000| Untracked 
| 306|0x0000000093200000, 0x0000000093200000, 0x0000000093300000|  0%| F|  |TAMS 0x0000000093200000, 0x0000000093200000| Untracked 
| 307|0x0000000093300000, 0x0000000093300000, 0x0000000093400000|  0%| F|  |TAMS 0x0000000093300000, 0x0000000093300000| Untracked 
| 308|0x0000000093400000, 0x0000000093400000, 0x0000000093500000|  0%| F|  |TAMS 0x0000000093400000, 0x0000000093400000| Untracked 
| 309|0x0000000093500000, 0x0000000093500000, 0x0000000093600000|  0%| F|  |TAMS 0x0000000093500000, 0x0000000093500000| Untracked 
| 310|0x0000000093600000, 0x0000000093600000, 0x0000000093700000|  0%| F|  |TAMS 0x0000000093600000, 0x0000000093600000| Untracked 
| 311|0x0000000093700000, 0x0000000093700000, 0x0000000093800000|  0%| F|  |TAMS 0x0000000093700000, 0x0000000093700000| Untracked 
| 312|0x0000000093800000, 0x0000000093800000, 0x0000000093900000|  0%| F|  |TAMS 0x0000000093800000, 0x0000000093800000| Untracked 
| 313|0x0000000093900000, 0x0000000093900000, 0x0000000093a00000|  0%| F|  |TAMS 0x0000000093900000, 0x0000000093900000| Untracked 
| 314|0x0000000093a00000, 0x0000000093a00000, 0x0000000093b00000|  0%| F|  |TAMS 0x0000000093a00000, 0x0000000093a00000| Untracked 
| 315|0x0000000093b00000, 0x0000000093b00000, 0x0000000093c00000|  0%| F|  |TAMS 0x0000000093b00000, 0x0000000093b00000| Untracked 
| 316|0x0000000093c00000, 0x0000000093c00000, 0x0000000093d00000|  0%| F|  |TAMS 0x0000000093c00000, 0x0000000093c00000| Untracked 
| 317|0x0000000093d00000, 0x0000000093d00000, 0x0000000093e00000|  0%| F|  |TAMS 0x0000000093d00000, 0x0000000093d00000| Untracked 
| 318|0x0000000093e00000, 0x0000000093e00000, 0x0000000093f00000|  0%| F|  |TAMS 0x0000000093e00000, 0x0000000093e00000| Untracked 
| 319|0x0000000093f00000, 0x0000000093f00000, 0x0000000094000000|  0%| F|  |TAMS 0x0000000093f00000, 0x0000000093f00000| Untracked 
| 320|0x0000000094000000, 0x0000000094000000, 0x0000000094100000|  0%| F|  |TAMS 0x0000000094000000, 0x0000000094000000| Untracked 
| 321|0x0000000094100000, 0x0000000094100000, 0x0000000094200000|  0%| F|  |TAMS 0x0000000094100000, 0x0000000094100000| Untracked 
| 322|0x0000000094200000, 0x0000000094200000, 0x0000000094300000|  0%| F|  |TAMS 0x0000000094200000, 0x0000000094200000| Untracked 
| 323|0x0000000094300000, 0x000000009431f060, 0x0000000094400000| 12%| S|CS|TAMS 0x0000000094300000, 0x0000000094300000| Complete 
| 324|0x0000000094400000, 0x0000000094500000, 0x0000000094500000|100%| S|CS|TAMS 0x0000000094400000, 0x0000000094400000| Complete 
| 325|0x0000000094500000, 0x0000000094600000, 0x0000000094600000|100%| S|CS|TAMS 0x0000000094500000, 0x0000000094500000| Complete 
| 326|0x0000000094600000, 0x0000000094700000, 0x0000000094700000|100%| S|CS|TAMS 0x0000000094600000, 0x0000000094600000| Complete 
| 327|0x0000000094700000, 0x0000000094800000, 0x0000000094800000|100%| S|CS|TAMS 0x0000000094700000, 0x0000000094700000| Complete 
| 328|0x0000000094800000, 0x0000000094900000, 0x0000000094900000|100%| S|CS|TAMS 0x0000000094800000, 0x0000000094800000| Complete 
| 329|0x0000000094900000, 0x0000000094a00000, 0x0000000094a00000|100%| S|CS|TAMS 0x0000000094900000, 0x0000000094900000| Complete 
| 330|0x0000000094a00000, 0x0000000094a00000, 0x0000000094b00000|  0%| F|  |TAMS 0x0000000094a00000, 0x0000000094a00000| Untracked 
| 331|0x0000000094b00000, 0x0000000094b00000, 0x0000000094c00000|  0%| F|  |TAMS 0x0000000094b00000, 0x0000000094b00000| Untracked 
| 332|0x0000000094c00000, 0x0000000094c00000, 0x0000000094d00000|  0%| F|  |TAMS 0x0000000094c00000, 0x0000000094c00000| Untracked 
| 333|0x0000000094d00000, 0x0000000094d00000, 0x0000000094e00000|  0%| F|  |TAMS 0x0000000094d00000, 0x0000000094d00000| Untracked 
| 334|0x0000000094e00000, 0x0000000094e00000, 0x0000000094f00000|  0%| F|  |TAMS 0x0000000094e00000, 0x0000000094e00000| Untracked 
| 335|0x0000000094f00000, 0x0000000094f00000, 0x0000000095000000|  0%| F|  |TAMS 0x0000000094f00000, 0x0000000094f00000| Untracked 
| 336|0x0000000095000000, 0x0000000095000000, 0x0000000095100000|  0%| F|  |TAMS 0x0000000095000000, 0x0000000095000000| Untracked 
| 337|0x0000000095100000, 0x0000000095100000, 0x0000000095200000|  0%| F|  |TAMS 0x0000000095100000, 0x0000000095100000| Untracked 
| 338|0x0000000095200000, 0x0000000095200000, 0x0000000095300000|  0%| F|  |TAMS 0x0000000095200000, 0x0000000095200000| Untracked 
| 339|0x0000000095300000, 0x0000000095300000, 0x0000000095400000|  0%| F|  |TAMS 0x0000000095300000, 0x0000000095300000| Untracked 
| 340|0x0000000095400000, 0x0000000095400000, 0x0000000095500000|  0%| F|  |TAMS 0x0000000095400000, 0x0000000095400000| Untracked 
| 341|0x0000000095500000, 0x0000000095500000, 0x0000000095600000|  0%| F|  |TAMS 0x0000000095500000, 0x0000000095500000| Untracked 
| 342|0x0000000095600000, 0x0000000095600000, 0x0000000095700000|  0%| F|  |TAMS 0x0000000095600000, 0x0000000095600000| Untracked 
| 343|0x0000000095700000, 0x0000000095700000, 0x0000000095800000|  0%| F|  |TAMS 0x0000000095700000, 0x0000000095700000| Untracked 
| 344|0x0000000095800000, 0x0000000095800000, 0x0000000095900000|  0%| F|  |TAMS 0x0000000095800000, 0x0000000095800000| Untracked 
| 345|0x0000000095900000, 0x0000000095900000, 0x0000000095a00000|  0%| F|  |TAMS 0x0000000095900000, 0x0000000095900000| Untracked 
| 346|0x0000000095a00000, 0x0000000095a00000, 0x0000000095b00000|  0%| F|  |TAMS 0x0000000095a00000, 0x0000000095a00000| Untracked 
| 347|0x0000000095b00000, 0x0000000095b00000, 0x0000000095c00000|  0%| F|  |TAMS 0x0000000095b00000, 0x0000000095b00000| Untracked 
| 348|0x0000000095c00000, 0x0000000095c00000, 0x0000000095d00000|  0%| F|  |TAMS 0x0000000095c00000, 0x0000000095c00000| Untracked 
| 349|0x0000000095d00000, 0x0000000095d00000, 0x0000000095e00000|  0%| F|  |TAMS 0x0000000095d00000, 0x0000000095d00000| Untracked 
| 350|0x0000000095e00000, 0x0000000095e00000, 0x0000000095f00000|  0%| F|  |TAMS 0x0000000095e00000, 0x0000000095e00000| Untracked 
| 351|0x0000000095f00000, 0x0000000095f00000, 0x0000000096000000|  0%| F|  |TAMS 0x0000000095f00000, 0x0000000095f00000| Untracked 
| 352|0x0000000096000000, 0x0000000096000000, 0x0000000096100000|  0%| F|  |TAMS 0x0000000096000000, 0x0000000096000000| Untracked 
| 353|0x0000000096100000, 0x0000000096100000, 0x0000000096200000|  0%| F|  |TAMS 0x0000000096100000, 0x0000000096100000| Untracked 
| 354|0x0000000096200000, 0x0000000096200000, 0x0000000096300000|  0%| F|  |TAMS 0x0000000096200000, 0x0000000096200000| Untracked 
| 355|0x0000000096300000, 0x0000000096300000, 0x0000000096400000|  0%| F|  |TAMS 0x0000000096300000, 0x0000000096300000| Untracked 
| 356|0x0000000096400000, 0x0000000096400000, 0x0000000096500000|  0%| F|  |TAMS 0x0000000096400000, 0x0000000096400000| Untracked 
| 357|0x0000000096500000, 0x0000000096500000, 0x0000000096600000|  0%| F|  |TAMS 0x0000000096500000, 0x0000000096500000| Untracked 
| 358|0x0000000096600000, 0x0000000096600000, 0x0000000096700000|  0%| F|  |TAMS 0x0000000096600000, 0x0000000096600000| Untracked 
| 359|0x0000000096700000, 0x0000000096700000, 0x0000000096800000|  0%| F|  |TAMS 0x0000000096700000, 0x0000000096700000| Untracked 
| 360|0x0000000096800000, 0x0000000096800000, 0x0000000096900000|  0%| F|  |TAMS 0x0000000096800000, 0x0000000096800000| Untracked 
| 361|0x0000000096900000, 0x0000000096900000, 0x0000000096a00000|  0%| F|  |TAMS 0x0000000096900000, 0x0000000096900000| Untracked 
| 362|0x0000000096a00000, 0x0000000096a00000, 0x0000000096b00000|  0%| F|  |TAMS 0x0000000096a00000, 0x0000000096a00000| Untracked 
| 363|0x0000000096b00000, 0x0000000096b00000, 0x0000000096c00000|  0%| F|  |TAMS 0x0000000096b00000, 0x0000000096b00000| Untracked 
| 364|0x0000000096c00000, 0x0000000096c00000, 0x0000000096d00000|  0%| F|  |TAMS 0x0000000096c00000, 0x0000000096c00000| Untracked 
| 365|0x0000000096d00000, 0x0000000096d00000, 0x0000000096e00000|  0%| F|  |TAMS 0x0000000096d00000, 0x0000000096d00000| Untracked 
| 366|0x0000000096e00000, 0x0000000096e00000, 0x0000000096f00000|  0%| F|  |TAMS 0x0000000096e00000, 0x0000000096e00000| Untracked 
| 367|0x0000000096f00000, 0x0000000096f00000, 0x0000000097000000|  0%| F|  |TAMS 0x0000000096f00000, 0x0000000096f00000| Untracked 
| 368|0x0000000097000000, 0x0000000097000000, 0x0000000097100000|  0%| F|  |TAMS 0x0000000097000000, 0x0000000097000000| Untracked 
| 369|0x0000000097100000, 0x0000000097100000, 0x0000000097200000|  0%| F|  |TAMS 0x0000000097100000, 0x0000000097100000| Untracked 
| 370|0x0000000097200000, 0x0000000097200000, 0x0000000097300000|  0%| F|  |TAMS 0x0000000097200000, 0x0000000097200000| Untracked 
| 371|0x0000000097300000, 0x0000000097300000, 0x0000000097400000|  0%| F|  |TAMS 0x0000000097300000, 0x0000000097300000| Untracked 
| 372|0x0000000097400000, 0x0000000097400000, 0x0000000097500000|  0%| F|  |TAMS 0x0000000097400000, 0x0000000097400000| Untracked 
| 373|0x0000000097500000, 0x0000000097500000, 0x0000000097600000|  0%| F|  |TAMS 0x0000000097500000, 0x0000000097500000| Untracked 
| 374|0x0000000097600000, 0x0000000097700000, 0x0000000097700000|100%| E|CS|TAMS 0x0000000097600000, 0x0000000097600000| Complete 
| 375|0x0000000097700000, 0x0000000097800000, 0x0000000097800000|100%| E|CS|TAMS 0x0000000097700000, 0x0000000097700000| Complete 
| 376|0x0000000097800000, 0x0000000097900000, 0x0000000097900000|100%| E|CS|TAMS 0x0000000097800000, 0x0000000097800000| Complete 
| 377|0x0000000097900000, 0x0000000097a00000, 0x0000000097a00000|100%| E|CS|TAMS 0x0000000097900000, 0x0000000097900000| Complete 
| 378|0x0000000097a00000, 0x0000000097b00000, 0x0000000097b00000|100%| E|CS|TAMS 0x0000000097a00000, 0x0000000097a00000| Complete 
| 379|0x0000000097b00000, 0x0000000097c00000, 0x0000000097c00000|100%| E|CS|TAMS 0x0000000097b00000, 0x0000000097b00000| Complete 
| 380|0x0000000097c00000, 0x0000000097c00000, 0x0000000097d00000|  0%| F|  |TAMS 0x0000000097c00000, 0x0000000097c00000| Untracked 
| 381|0x0000000097d00000, 0x0000000097d00000, 0x0000000097e00000|  0%| F|  |TAMS 0x0000000097d00000, 0x0000000097d00000| Untracked 
| 382|0x0000000097e00000, 0x0000000097e00000, 0x0000000097f00000|  0%| F|  |TAMS 0x0000000097e00000, 0x0000000097e00000| Untracked 
| 383|0x0000000097f00000, 0x0000000097f00000, 0x0000000098000000|  0%| F|  |TAMS 0x0000000097f00000, 0x0000000097f00000| Untracked 
| 384|0x0000000098000000, 0x0000000098000000, 0x0000000098100000|  0%| F|  |TAMS 0x0000000098000000, 0x0000000098000000| Untracked 
| 385|0x0000000098100000, 0x0000000098100000, 0x0000000098200000|  0%| F|  |TAMS 0x0000000098100000, 0x0000000098100000| Untracked 
| 386|0x0000000098200000, 0x0000000098200000, 0x0000000098300000|  0%| F|  |TAMS 0x0000000098200000, 0x0000000098200000| Untracked 
| 387|0x0000000098300000, 0x0000000098300000, 0x0000000098400000|  0%| F|  |TAMS 0x0000000098300000, 0x0000000098300000| Untracked 
| 388|0x0000000098400000, 0x0000000098400000, 0x0000000098500000|  0%| F|  |TAMS 0x0000000098400000, 0x0000000098400000| Untracked 
| 389|0x0000000098500000, 0x0000000098500000, 0x0000000098600000|  0%| F|  |TAMS 0x0000000098500000, 0x0000000098500000| Untracked 
| 390|0x0000000098600000, 0x0000000098600000, 0x0000000098700000|  0%| F|  |TAMS 0x0000000098600000, 0x0000000098600000| Untracked 
| 391|0x0000000098700000, 0x0000000098700000, 0x0000000098800000|  0%| F|  |TAMS 0x0000000098700000, 0x0000000098700000| Untracked 
| 392|0x0000000098800000, 0x0000000098800000, 0x0000000098900000|  0%| F|  |TAMS 0x0000000098800000, 0x0000000098800000| Untracked 
| 393|0x0000000098900000, 0x0000000098900000, 0x0000000098a00000|  0%| F|  |TAMS 0x0000000098900000, 0x0000000098900000| Untracked 
| 394|0x0000000098a00000, 0x0000000098a00000, 0x0000000098b00000|  0%| F|  |TAMS 0x0000000098a00000, 0x0000000098a00000| Untracked 
| 395|0x0000000098b00000, 0x0000000098b00000, 0x0000000098c00000|  0%| F|  |TAMS 0x0000000098b00000, 0x0000000098b00000| Untracked 
| 396|0x0000000098c00000, 0x0000000098c00000, 0x0000000098d00000|  0%| F|  |TAMS 0x0000000098c00000, 0x0000000098c00000| Untracked 
| 397|0x0000000098d00000, 0x0000000098d00000, 0x0000000098e00000|  0%| F|  |TAMS 0x0000000098d00000, 0x0000000098d00000| Untracked 
| 398|0x0000000098e00000, 0x0000000098e00000, 0x0000000098f00000|  0%| F|  |TAMS 0x0000000098e00000, 0x0000000098e00000| Untracked 
| 399|0x0000000098f00000, 0x0000000098f00000, 0x0000000099000000|  0%| F|  |TAMS 0x0000000098f00000, 0x0000000098f00000| Untracked 
| 400|0x0000000099000000, 0x0000000099050e08, 0x0000000099100000| 31%| E|  |TAMS 0x0000000099000000, 0x0000000099000000| Complete 
| 401|0x0000000099100000, 0x0000000099200000, 0x0000000099200000|100%| E|CS|TAMS 0x0000000099100000, 0x0000000099100000| Complete 
| 402|0x0000000099200000, 0x0000000099300000, 0x0000000099300000|100%| E|CS|TAMS 0x0000000099200000, 0x0000000099200000| Complete 
| 403|0x0000000099300000, 0x0000000099400000, 0x0000000099400000|100%| E|CS|TAMS 0x0000000099300000, 0x0000000099300000| Complete 
| 404|0x0000000099400000, 0x0000000099500000, 0x0000000099500000|100%| E|CS|TAMS 0x0000000099400000, 0x0000000099400000| Complete 
| 405|0x0000000099500000, 0x0000000099600000, 0x0000000099600000|100%| E|CS|TAMS 0x0000000099500000, 0x0000000099500000| Complete 
| 406|0x0000000099600000, 0x0000000099700000, 0x0000000099700000|100%| E|CS|TAMS 0x0000000099600000, 0x0000000099600000| Complete 
| 407|0x0000000099700000, 0x0000000099800000, 0x0000000099800000|100%| E|CS|TAMS 0x0000000099700000, 0x0000000099700000| Complete 
| 408|0x0000000099800000, 0x0000000099900000, 0x0000000099900000|100%| E|CS|TAMS 0x0000000099800000, 0x0000000099800000| Complete 
| 409|0x0000000099900000, 0x0000000099a00000, 0x0000000099a00000|100%| E|CS|TAMS 0x0000000099900000, 0x0000000099900000| Complete 
| 410|0x0000000099a00000, 0x0000000099b00000, 0x0000000099b00000|100%| E|CS|TAMS 0x0000000099a00000, 0x0000000099a00000| Complete 
| 411|0x0000000099b00000, 0x0000000099c00000, 0x0000000099c00000|100%| E|CS|TAMS 0x0000000099b00000, 0x0000000099b00000| Complete 
| 412|0x0000000099c00000, 0x0000000099d00000, 0x0000000099d00000|100%| E|CS|TAMS 0x0000000099c00000, 0x0000000099c00000| Complete 
| 413|0x0000000099d00000, 0x0000000099e00000, 0x0000000099e00000|100%| E|CS|TAMS 0x0000000099d00000, 0x0000000099d00000| Complete 
| 414|0x0000000099e00000, 0x0000000099f00000, 0x0000000099f00000|100%| E|CS|TAMS 0x0000000099e00000, 0x0000000099e00000| Complete 
| 415|0x0000000099f00000, 0x000000009a000000, 0x000000009a000000|100%| E|  |TAMS 0x0000000099f00000, 0x0000000099f00000| Complete 
| 416|0x000000009a000000, 0x000000009a100000, 0x000000009a100000|100%| E|CS|TAMS 0x000000009a000000, 0x000000009a000000| Complete 
| 417|0x000000009a100000, 0x000000009a200000, 0x000000009a200000|100%| E|CS|TAMS 0x000000009a100000, 0x000000009a100000| Complete 
| 418|0x000000009a200000, 0x000000009a300000, 0x000000009a300000|100%| E|CS|TAMS 0x000000009a200000, 0x000000009a200000| Complete 
| 419|0x000000009a300000, 0x000000009a400000, 0x000000009a400000|100%| E|CS|TAMS 0x000000009a300000, 0x000000009a300000| Complete 
| 420|0x000000009a400000, 0x000000009a500000, 0x000000009a500000|100%| E|CS|TAMS 0x000000009a400000, 0x000000009a400000| Complete 
| 421|0x000000009a500000, 0x000000009a600000, 0x000000009a600000|100%| E|CS|TAMS 0x000000009a500000, 0x000000009a500000| Complete 
| 422|0x000000009a600000, 0x000000009a700000, 0x000000009a700000|100%| E|CS|TAMS 0x000000009a600000, 0x000000009a600000| Complete 
| 423|0x000000009a700000, 0x000000009a800000, 0x000000009a800000|100%| E|CS|TAMS 0x000000009a700000, 0x000000009a700000| Complete 
| 424|0x000000009a800000, 0x000000009a900000, 0x000000009a900000|100%| E|CS|TAMS 0x000000009a800000, 0x000000009a800000| Complete 
| 425|0x000000009a900000, 0x000000009aa00000, 0x000000009aa00000|100%| E|CS|TAMS 0x000000009a900000, 0x000000009a900000| Complete 
| 426|0x000000009aa00000, 0x000000009ab00000, 0x000000009ab00000|100%| E|CS|TAMS 0x000000009aa00000, 0x000000009aa00000| Complete 
| 427|0x000000009ab00000, 0x000000009ac00000, 0x000000009ac00000|100%| E|CS|TAMS 0x000000009ab00000, 0x000000009ab00000| Complete 
| 428|0x000000009ac00000, 0x000000009ad00000, 0x000000009ad00000|100%| E|CS|TAMS 0x000000009ac00000, 0x000000009ac00000| Complete 
| 429|0x000000009ad00000, 0x000000009ae00000, 0x000000009ae00000|100%| E|CS|TAMS 0x000000009ad00000, 0x000000009ad00000| Complete 
| 430|0x000000009ae00000, 0x000000009af00000, 0x000000009af00000|100%| E|CS|TAMS 0x000000009ae00000, 0x000000009ae00000| Complete 
| 431|0x000000009af00000, 0x000000009b000000, 0x000000009b000000|100%| E|CS|TAMS 0x000000009af00000, 0x000000009af00000| Complete 
| 432|0x000000009b000000, 0x000000009b100000, 0x000000009b100000|100%| E|CS|TAMS 0x000000009b000000, 0x000000009b000000| Complete 
| 433|0x000000009b100000, 0x000000009b200000, 0x000000009b200000|100%| E|CS|TAMS 0x000000009b100000, 0x000000009b100000| Complete 
| 434|0x000000009b200000, 0x000000009b300000, 0x000000009b300000|100%| E|CS|TAMS 0x000000009b200000, 0x000000009b200000| Complete 
| 435|0x000000009b300000, 0x000000009b400000, 0x000000009b400000|100%| E|CS|TAMS 0x000000009b300000, 0x000000009b300000| Complete 
| 436|0x000000009b400000, 0x000000009b500000, 0x000000009b500000|100%| E|CS|TAMS 0x000000009b400000, 0x000000009b400000| Complete 
| 437|0x000000009b500000, 0x000000009b600000, 0x000000009b600000|100%| E|CS|TAMS 0x000000009b500000, 0x000000009b500000| Complete 
| 438|0x000000009b600000, 0x000000009b700000, 0x000000009b700000|100%| E|CS|TAMS 0x000000009b600000, 0x000000009b600000| Complete 
| 439|0x000000009b700000, 0x000000009b800000, 0x000000009b800000|100%| E|CS|TAMS 0x000000009b700000, 0x000000009b700000| Complete 
| 440|0x000000009b800000, 0x000000009b900000, 0x000000009b900000|100%| E|CS|TAMS 0x000000009b800000, 0x000000009b800000| Complete 
| 441|0x000000009b900000, 0x000000009ba00000, 0x000000009ba00000|100%| E|CS|TAMS 0x000000009b900000, 0x000000009b900000| Complete 
| 442|0x000000009ba00000, 0x000000009bb00000, 0x000000009bb00000|100%| E|CS|TAMS 0x000000009ba00000, 0x000000009ba00000| Complete 
| 443|0x000000009bb00000, 0x000000009bc00000, 0x000000009bc00000|100%| E|CS|TAMS 0x000000009bb00000, 0x000000009bb00000| Complete 
| 444|0x000000009bc00000, 0x000000009bd00000, 0x000000009bd00000|100%| E|CS|TAMS 0x000000009bc00000, 0x000000009bc00000| Complete 

Card table byte_map: [0x000002acf0c30000,0x000002acf1030000] _byte_map_base: 0x000002acf0830000

Marking Bits (Prev, Next): (CMBitMap*) 0x000002acd9525600, (CMBitMap*) 0x000002acd9525640
 Prev Bits: [0x000002acf1430000, 0x000002acf3430000)
 Next Bits: [0x000002acf3430000, 0x000002acf5430000)

Polling page: 0x000002acd7130000

Metaspace:

Usage:
  Non-class:    105.38 MB used.
      Class:     16.82 MB used.
       Both:    122.19 MB used.

Virtual space:
  Non-class space:      128.00 MB reserved,     106.12 MB ( 83%) committed,  2 nodes.
      Class space:      416.00 MB reserved,      17.50 MB (  4%) committed,  1 nodes.
             Both:      544.00 MB reserved,     123.62 MB ( 23%) committed. 

Chunk freelists:
   Non-Class:  5.38 MB
       Class:  14.32 MB
        Both:  19.69 MB

MaxMetaspaceSize: 512.00 MB
CompressedClassSpaceSize: 416.00 MB
Initial GC threshold: 21.00 MB
Current GC threshold: 203.38 MB
CDS: on
MetaspaceReclaimPolicy: balanced
 - commit_granule_bytes: 65536.
 - commit_granule_words: 8192.
 - virtual_space_node_default_size: 8388608.
 - enlarge_chunks_in_place: 1.
 - new_chunks_are_fully_committed: 0.
 - uncommit_free_chunks: 1.
 - use_allocation_guard: 0.
 - handle_deallocations: 1.


Internal statistics:

num_allocs_failed_limit: 12.
num_arena_births: 2102.
num_arena_deaths: 0.
num_vsnodes_births: 3.
num_vsnodes_deaths: 0.
num_space_committed: 1977.
num_space_uncommitted: 0.
num_chunks_returned_to_freelist: 12.
num_chunks_taken_from_freelist: 8070.
num_chunk_merges: 9.
num_chunk_splits: 4992.
num_chunks_enlarged: 2933.
num_inconsistent_stats: 0.

CodeHeap 'non-profiled nmethods': size=119168Kb used=13952Kb max_used=13952Kb free=105215Kb
 bounds [0x000002ace8920000, 0x000002ace96d0000, 0x000002acefd80000]
CodeHeap 'profiled nmethods': size=119104Kb used=34415Kb max_used=34415Kb free=84688Kb
 bounds [0x000002ace0d80000, 0x000002ace2f20000, 0x000002ace81d0000]
CodeHeap 'non-nmethods': size=7488Kb used=2500Kb max_used=4266Kb free=4987Kb
 bounds [0x000002ace81d0000, 0x000002ace8610000, 0x000002ace8920000]
 total_blobs=18596 nmethods=17551 adapters=955
 compilation: enabled
              stopped_count=0, restarted_count=0
 full_count=0

Compilation events (20 events):
Event: 122.438 Thread 0x000002acf870d6d0 nmethod 21130 0x000002ace2f05410 code [0x000002ace2f055a0, 0x000002ace2f05718]
Event: 122.487 Thread 0x000002acf870d6d0 21131       3       org.gradle.internal.serialize.InputStreamBackedDecoder::readString (8 bytes)
Event: 122.488 Thread 0x000002acf870d6d0 nmethod 21131 0x000002ace2f05790 code [0x000002ace2f05940, 0x000002ace2f05ae8]
Event: 122.491 Thread 0x000002acf870d6d0 21132       1       org.gradle.cache.internal.filelock.FileLockOutcome$3::isLockWasAcquired (2 bytes)
Event: 122.491 Thread 0x000002acf870d6d0 nmethod 21132 0x000002ace96baa10 code [0x000002ace96baba0, 0x000002ace96bac78]
Event: 122.935 Thread 0x000002acf870d6d0 21133       3       java.lang.management.ManagementFactory$PlatformMBeanFinder::getMap (4 bytes)
Event: 122.936 Thread 0x000002acf870d6d0 nmethod 21133 0x000002ace180f590 code [0x000002ace180f720, 0x000002ace180f818]
Event: 122.936 Thread 0x000002acf870cc20 21134       4       java.util.stream.ReferencePipeline$7::opWrapSink (10 bytes)
Event: 122.943 Thread 0x000002acf870cc20 nmethod 21134 0x000002ace96bad10 code [0x000002ace96baea0, 0x000002ace96bb078]
Event: 123.936 Thread 0x000002acf870cc20 21135       4       com.android.build.gradle.internal.cxx.process.ChunkBytesToLineOutputStream::writeByteToBuffer (60 bytes)
Event: 123.940 Thread 0x000002acf870cc20 nmethod 21135 0x000002ace96bb190 code [0x000002ace96bb300, 0x000002ace96bb3d8]
Event: 129.465 Thread 0x000002acf870d6d0 21137       3       com.android.build.gradle.internal.cxx.process.ChunkBytesToLineOutputStream::write (76 bytes)
Event: 129.467 Thread 0x000002acf870d6d0 nmethod 21137 0x000002ace2f05c10 code [0x000002ace2f05e40, 0x000002ace2f06638]
Event: 130.947 Thread 0x000002acf870d6d0 21139       1       org.gradle.launcher.daemon.server.health.gc.GarbageCollectionEvent::getCount (5 bytes)
Event: 130.947 Thread 0x000002acf870d6d0 nmethod 21139 0x000002ace96bbd90 code [0x000002ace96bbf20, 0x000002ace96bbff8]
Event: 132.419 Thread 0x000002acf870d6d0 21140   !   3       java.util.concurrent.LinkedBlockingDeque$AbstractItr::next (100 bytes)
Event: 132.423 Thread 0x000002acf870d6d0 nmethod 21140 0x000002ace2f06990 code [0x000002ace2f06c20, 0x000002ace2f07bb8]
Event: 132.423 Thread 0x000002acf870d6d0 21141       3       java.util.concurrent.LinkedBlockingDeque$Itr::nextNode (5 bytes)
Event: 132.423 Thread 0x000002acf870d6d0 nmethod 21141 0x000002ace2f08090 code [0x000002ace2f08220, 0x000002ace2f08338]
Event: 136.865 Thread 0x000002acf870cc20 21142       4       org.gradle.internal.logging.text.AbstractLineChoppingStyledTextOutput$1::execute (9 bytes)

GC Heap History (20 events):
Event: 35.686 GC heap before
{Heap before GC invocations=55 (full 0):
 garbage-first heap   total 315392K, used 270750K [0x0000000080000000, 0x0000000100000000)
  region size 1024K, 37 young (37888K), 5 survivors (5120K)
 Metaspace       used 117211K, committed 118528K, reserved 557056K
  class space    used 16259K, committed 16896K, reserved 425984K
}
Event: 35.694 GC heap after
{Heap after GC invocations=56 (full 0):
 garbage-first heap   total 315392K, used 241840K [0x0000000080000000, 0x0000000100000000)
  region size 1024K, 5 young (5120K), 5 survivors (5120K)
 Metaspace       used 117211K, committed 118528K, reserved 557056K
  class space    used 16259K, committed 16896K, reserved 425984K
}
Event: 35.874 GC heap before
{Heap before GC invocations=56 (full 0):
 garbage-first heap   total 315392K, used 270512K [0x0000000080000000, 0x0000000100000000)
  region size 1024K, 34 young (34816K), 5 survivors (5120K)
 Metaspace       used 117257K, committed 118592K, reserved 557056K
  class space    used 16262K, committed 16896K, reserved 425984K
}
Event: 35.883 GC heap after
{Heap after GC invocations=57 (full 0):
 garbage-first heap   total 315392K, used 245146K [0x0000000080000000, 0x0000000100000000)
  region size 1024K, 4 young (4096K), 4 survivors (4096K)
 Metaspace       used 117257K, committed 118592K, reserved 557056K
  class space    used 16262K, committed 16896K, reserved 425984K
}
Event: 36.010 GC heap before
{Heap before GC invocations=57 (full 0):
 garbage-first heap   total 315392K, used 270746K [0x0000000080000000, 0x0000000100000000)
  region size 1024K, 30 young (30720K), 4 survivors (4096K)
 Metaspace       used 117258K, committed 118592K, reserved 557056K
  class space    used 16262K, committed 16896K, reserved 425984K
}
Event: 36.016 GC heap after
{Heap after GC invocations=58 (full 0):
 garbage-first heap   total 315392K, used 246593K [0x0000000080000000, 0x0000000100000000)
  region size 1024K, 4 young (4096K), 4 survivors (4096K)
 Metaspace       used 117258K, committed 118592K, reserved 557056K
  class space    used 16262K, committed 16896K, reserved 425984K
}
Event: 36.211 GC heap before
{Heap before GC invocations=58 (full 0):
 garbage-first heap   total 315392K, used 273217K [0x0000000080000000, 0x0000000100000000)
  region size 1024K, 30 young (30720K), 4 survivors (4096K)
 Metaspace       used 117258K, committed 118592K, reserved 557056K
  class space    used 16262K, committed 16896K, reserved 425984K
}
Event: 36.216 GC heap after
{Heap after GC invocations=59 (full 0):
 garbage-first heap   total 315392K, used 247679K [0x0000000080000000, 0x0000000100000000)
  region size 1024K, 4 young (4096K), 4 survivors (4096K)
 Metaspace       used 117258K, committed 118592K, reserved 557056K
  class space    used 16262K, committed 16896K, reserved 425984K
}
Event: 36.521 GC heap before
{Heap before GC invocations=59 (full 0):
 garbage-first heap   total 315392K, used 273279K [0x0000000080000000, 0x0000000100000000)
  region size 1024K, 29 young (29696K), 4 survivors (4096K)
 Metaspace       used 117258K, committed 118592K, reserved 557056K
  class space    used 16262K, committed 16896K, reserved 425984K
}
Event: 36.527 GC heap after
{Heap after GC invocations=60 (full 0):
 garbage-first heap   total 389120K, used 248512K [0x0000000080000000, 0x0000000100000000)
  region size 1024K, 4 young (4096K), 4 survivors (4096K)
 Metaspace       used 117258K, committed 118592K, reserved 557056K
  class space    used 16262K, committed 16896K, reserved 425984K
}
Event: 37.413 GC heap before
{Heap before GC invocations=60 (full 0):
 garbage-first heap   total 389120K, used 329408K [0x0000000080000000, 0x0000000100000000)
  region size 1024K, 84 young (86016K), 4 survivors (4096K)
 Metaspace       used 117414K, committed 118720K, reserved 557056K
  class space    used 16277K, committed 16896K, reserved 425984K
}
Event: 37.419 GC heap after
{Heap after GC invocations=61 (full 0):
 garbage-first heap   total 389120K, used 252085K [0x0000000080000000, 0x0000000100000000)
  region size 1024K, 7 young (7168K), 7 survivors (7168K)
 Metaspace       used 117414K, committed 118720K, reserved 557056K
  class space    used 16277K, committed 16896K, reserved 425984K
}
Event: 37.955 GC heap before
{Heap before GC invocations=61 (full 0):
 garbage-first heap   total 389120K, used 330933K [0x0000000080000000, 0x0000000100000000)
  region size 1024K, 85 young (87040K), 7 survivors (7168K)
 Metaspace       used 117626K, committed 118976K, reserved 557056K
  class space    used 16299K, committed 16960K, reserved 425984K
}
Event: 37.963 GC heap after
{Heap after GC invocations=62 (full 0):
 garbage-first heap   total 389120K, used 256100K [0x0000000080000000, 0x0000000100000000)
  region size 1024K, 10 young (10240K), 10 survivors (10240K)
 Metaspace       used 117626K, committed 118976K, reserved 557056K
  class space    used 16299K, committed 16960K, reserved 425984K
}
Event: 39.527 GC heap before
{Heap before GC invocations=62 (full 0):
 garbage-first heap   total 389120K, used 330852K [0x0000000080000000, 0x0000000100000000)
  region size 1024K, 84 young (86016K), 10 survivors (10240K)
 Metaspace       used 120685K, committed 122048K, reserved 557056K
  class space    used 16656K, committed 17280K, reserved 425984K
}
Event: 39.542 GC heap after
{Heap after GC invocations=63 (full 0):
 garbage-first heap   total 389120K, used 261348K [0x0000000080000000, 0x0000000100000000)
  region size 1024K, 7 young (7168K), 7 survivors (7168K)
 Metaspace       used 120685K, committed 122048K, reserved 557056K
  class space    used 16656K, committed 17280K, reserved 425984K
}
Event: 39.857 GC heap before
{Heap before GC invocations=63 (full 0):
 garbage-first heap   total 389120K, used 330980K [0x0000000080000000, 0x0000000100000000)
  region size 1024K, 76 young (77824K), 7 survivors (7168K)
 Metaspace       used 121193K, committed 122624K, reserved 557056K
  class space    used 16725K, committed 17408K, reserved 425984K
}
Event: 39.868 GC heap after
{Heap after GC invocations=64 (full 0):
 garbage-first heap   total 389120K, used 264179K [0x0000000080000000, 0x0000000100000000)
  region size 1024K, 5 young (5120K), 5 survivors (5120K)
 Metaspace       used 121193K, committed 122624K, reserved 557056K
  class space    used 16725K, committed 17408K, reserved 425984K
}
Event: 40.989 GC heap before
{Heap before GC invocations=64 (full 0):
 garbage-first heap   total 389120K, used 318451K [0x0000000080000000, 0x0000000100000000)
  region size 1024K, 55 young (56320K), 5 survivors (5120K)
 Metaspace       used 123044K, committed 124416K, reserved 557056K
  class space    used 16895K, committed 17536K, reserved 425984K
}
Event: 40.999 GC heap after
{Heap after GC invocations=65 (full 0):
 garbage-first heap   total 389120K, used 265746K [0x0000000080000000, 0x0000000100000000)
  region size 1024K, 7 young (7168K), 7 survivors (7168K)
 Metaspace       used 123044K, committed 124416K, reserved 557056K
  class space    used 16895K, committed 17536K, reserved 425984K
}

Deoptimization events (20 events):
Event: 43.099 Thread 0x000002aca735cb90 Uncommon trap: trap_request=0xffffff45 fr.pc=0x000002ace93d667c relative=0x000000000000015c
Event: 43.100 Thread 0x000002aca735cb90 Uncommon trap: reason=unstable_if action=reinterpret pc=0x000002ace93d667c method=java.util.regex.Pattern$GroupTail.match(Ljava/util/regex/Matcher;ILjava/lang/CharSequence;)Z @ 73 c2
Event: 43.100 Thread 0x000002aca735cb90 DEOPT PACKING pc=0x000002ace93d667c sp=0x000000b6e1afe8e0
Event: 43.100 Thread 0x000002aca735cb90 DEOPT UNPACKING pc=0x000002ace82223a3 sp=0x000000b6e1afe868 mode 2
Event: 74.161 Thread 0x000002ac9c81a860 Uncommon trap: trap_request=0xffffff45 fr.pc=0x000002ace89a9978 relative=0x00000000000013b8
Event: 74.161 Thread 0x000002ac9c81a860 Uncommon trap: reason=unstable_if action=reinterpret pc=0x000002ace89a9978 method=java.util.concurrent.ConcurrentHashMap.putVal(Ljava/lang/Object;Ljava/lang/Object;Z)Ljava/lang/Object; @ 97 c2
Event: 74.161 Thread 0x000002ac9c81a860 DEOPT PACKING pc=0x000002ace89a9978 sp=0x000000b6d54fdf90
Event: 74.161 Thread 0x000002ac9c81a860 DEOPT UNPACKING pc=0x000002ace82223a3 sp=0x000000b6d54fdf28 mode 2
Event: 90.013 Thread 0x000002ac9c81b790 Uncommon trap: trap_request=0xffffff45 fr.pc=0x000002ace92616e0 relative=0x0000000000000780
Event: 90.013 Thread 0x000002ac9c81b790 Uncommon trap: reason=unstable_if action=reinterpret pc=0x000002ace92616e0 method=org.gradle.internal.snapshot.ChildMap$Entry.handlePath(Lorg/gradle/internal/snapshot/VfsRelativePath;Lorg/gradle/internal/snapshot/CaseSensitivity;Lorg/gradle/internal/snaps
Event: 90.013 Thread 0x000002ac9c81b790 DEOPT PACKING pc=0x000002ace92616e0 sp=0x000000b6d61f9dc0
Event: 90.013 Thread 0x000002ac9c81b790 DEOPT UNPACKING pc=0x000002ace82223a3 sp=0x000000b6d61f9d80 mode 2
Event: 136.864 Thread 0x000002aca735cb90 Uncommon trap: trap_request=0xffffff45 fr.pc=0x000002ace8e20414 relative=0x0000000000000074
Event: 136.864 Thread 0x000002aca735cb90 Uncommon trap: reason=unstable_if action=reinterpret pc=0x000002ace8e20414 method=org.gradle.internal.logging.slf4j.OutputEventListenerBackedLogger.isLevelAtMost(Lorg/gradle/api/logging/LogLevel;)Z @ 11 c2
Event: 136.864 Thread 0x000002aca735cb90 DEOPT PACKING pc=0x000002ace8e20414 sp=0x000000b6e1afea90
Event: 136.864 Thread 0x000002aca735cb90 DEOPT UNPACKING pc=0x000002ace82223a3 sp=0x000000b6e1afea30 mode 2
Event: 136.865 Thread 0x000002aca735cb90 Uncommon trap: trap_request=0xffffffde fr.pc=0x000002ace8cddbbc relative=0x00000000000024bc
Event: 136.865 Thread 0x000002aca735cb90 Uncommon trap: reason=class_check action=maybe_recompile pc=0x000002ace8cddbbc method=org.gradle.internal.logging.sink.OutputEventTransformer.onOutput(Lorg/gradle/internal/logging/events/OutputEvent;)V @ 272 c2
Event: 136.865 Thread 0x000002aca735cb90 DEOPT PACKING pc=0x000002ace8cddbbc sp=0x000000b6e1afe960
Event: 136.865 Thread 0x000002aca735cb90 DEOPT UNPACKING pc=0x000002ace82223a3 sp=0x000000b6e1afe968 mode 2

Classes unloaded (0 events):
No events

Classes redefined (0 events):
No events

Internal exceptions (20 events):
Event: 41.159 Thread 0x000002ac9c81ef40 Exception <a 'sun/nio/fs/WindowsException'{0x0000000097aa7f38}> (0x0000000097aa7f38) 
thrown [s\open\src\hotspot\share\prims\jni.cpp, line 516]
Event: 41.160 Thread 0x000002ac9c81ef40 Exception <a 'sun/nio/fs/WindowsException'{0x0000000097aa8228}> (0x0000000097aa8228) 
thrown [s\open\src\hotspot\share\prims\jni.cpp, line 516]
Event: 41.161 Thread 0x000002aca735b240 Exception <a 'java/lang/InterruptedException'{0x0000000097ad01b8}> (0x0000000097ad01b8) 
thrown [s\open\src\hotspot\share\runtime\objectMonitor.cpp, line 1671]
Event: 41.161 Thread 0x000002ac9c81ef40 Exception <a 'sun/nio/fs/WindowsException'{0x0000000097aaa9e8}> (0x0000000097aaa9e8) 
thrown [s\open\src\hotspot\share\prims\jni.cpp, line 516]
Event: 41.162 Thread 0x000002aca735b240 Exception <a 'java/lang/NoSuchMethodError'{0x0000000097ad1618}: 'java.lang.Object java.lang.invoke.DirectMethodHandle$Holder.invokeSpecial(java.lang.Object, java.lang.Object, int, java.lang.Object, long)'> (0x0000000097ad1618) 
thrown [s\open\src\hotspot\share\interpreter\linkResolver.cpp, line 759]
Event: 41.162 Thread 0x000002ac9c81ef40 Exception <a 'sun/nio/fs/WindowsException'{0x0000000097aac040}> (0x0000000097aac040) 
thrown [s\open\src\hotspot\share\prims\jni.cpp, line 516]
Event: 41.163 Thread 0x000002ac9c81ef40 Exception <a 'sun/nio/fs/WindowsException'{0x0000000097aad500}> (0x0000000097aad500) 
thrown [s\open\src\hotspot\share\prims\jni.cpp, line 516]
Event: 41.164 Thread 0x000002ac9c81ef40 Exception <a 'sun/nio/fs/WindowsException'{0x0000000097aaeb98}> (0x0000000097aaeb98) 
thrown [s\open\src\hotspot\share\prims\jni.cpp, line 516]
Event: 41.165 Thread 0x000002ac9c81ef40 Exception <a 'sun/nio/fs/WindowsException'{0x0000000097ab0750}> (0x0000000097ab0750) 
thrown [s\open\src\hotspot\share\prims\jni.cpp, line 516]
Event: 41.165 Thread 0x000002ac9c81ef40 Exception <a 'sun/nio/fs/WindowsException'{0x0000000097ab0a40}> (0x0000000097ab0a40) 
thrown [s\open\src\hotspot\share\prims\jni.cpp, line 516]
Event: 41.165 Thread 0x000002aca735b240 Exception <a 'java/lang/NoSuchMethodError'{0x0000000097ad8cf0}: 'java.lang.Object java.lang.invoke.DirectMethodHandle$Holder.newInvokeSpecial(java.lang.Object, java.lang.Object, int, java.lang.Object, long)'> (0x0000000097ad8cf0) 
thrown [s\open\src\hotspot\share\interpreter\linkResolver.cpp, line 759]
Event: 41.254 Thread 0x000002aca73589c0 Exception <a 'java/lang/NoSuchMethodError'{0x000000009778e590}: static Lorg/jetbrains/kotlin/daemon/common/CompileService$CallResult;.<clinit>()V> (0x000000009778e590) 
thrown [s\open\src\hotspot\share\prims\jni.cpp, line 1112]
Event: 41.261 Thread 0x000002aca73589c0 Exception <a 'java/lang/NoSuchMethodError'{0x000000009779a610}: static Lorg/jetbrains/kotlin/daemon/common/CompileService$CallResult$Good;.<clinit>()V> (0x000000009779a610) 
thrown [s\open\src\hotspot\share\prims\jni.cpp, line 1112]
Event: 41.267 Thread 0x000002aca73589c0 Exception <a 'java/lang/NoSuchMethodError'{0x000000009762eee0}: static Lorg/jetbrains/kotlin/daemon/common/DaemonJVMOptions;.<clinit>()V> (0x000000009762eee0) 
thrown [s\open\src\hotspot\share\prims\jni.cpp, line 1112]
Event: 41.317 Thread 0x000002aca73589c0 Exception <a 'java/lang/NoSuchMethodError'{0x00000000976f7a30}: static Lorg/jetbrains/kotlin/daemon/common/CompileService$CallResult$Ok;.<clinit>()V> (0x00000000976f7a30) 
thrown [s\open\src\hotspot\share\prims\jni.cpp, line 1112]
Event: 41.485 Thread 0x000002aca73589c0 Exception <a 'java/lang/NoSuchMethodError'{0x000000009b8c7138}: static [Ljava/lang/Integer;.<clinit>()V> (0x000000009b8c7138) 
thrown [s\open\src\hotspot\share\prims\jni.cpp, line 1112]
Event: 42.123 Thread 0x000002ac9c81ef40 Exception <a 'java/lang/NoSuchMethodError'{0x000000009a194520}: 'java.lang.Object java.lang.invoke.DirectMethodHandle$Holder.invokeSpecial(java.lang.Object, java.lang.Object, java.lang.Object, java.lang.Object, long)'> (0x000000009a194520) 
thrown [s\open\src\hotspot\share\interpreter\linkResolver.cpp, line 759]
Event: 42.124 Thread 0x000002ac9c81ef40 Exception <a 'java/lang/NoSuchMethodError'{0x000000009a198b48}: 'java.lang.Object java.lang.invoke.Invokers$Holder.linkToTargetMethod(java.lang.Object, java.lang.Object, long, java.lang.Object)'> (0x000000009a198b48) 
thrown [s\open\src\hotspot\share\interpreter\linkResolver.cpp, line 759]
Event: 42.414 Thread 0x000002acff30c4b0 Implicit null exception at 0x000002ace95019f5 to 0x000002ace95074e8
Event: 42.675 Thread 0x000002ac9c81ef40 Exception <a 'sun/nio/fs/WindowsException'{0x0000000099a7de40}> (0x0000000099a7de40) 
thrown [s\open\src\hotspot\share\prims\jni.cpp, line 516]

VM Operations (20 events):
Event: 42.291 Executing VM operation: HandshakeAllThreads
Event: 42.292 Executing VM operation: HandshakeAllThreads done
Event: 42.721 Executing VM operation: ICBufferFull
Event: 42.722 Executing VM operation: ICBufferFull done
Event: 43.723 Executing VM operation: Cleanup
Event: 43.724 Executing VM operation: Cleanup done
Event: 47.726 Executing VM operation: Cleanup
Event: 47.726 Executing VM operation: Cleanup done
Event: 56.729 Executing VM operation: Cleanup
Event: 56.730 Executing VM operation: Cleanup done
Event: 60.248 Executing VM operation: HandshakeAllThreads
Event: 60.249 Executing VM operation: HandshakeAllThreads done
Event: 78.257 Executing VM operation: Cleanup
Event: 78.258 Executing VM operation: Cleanup done
Event: 90.262 Executing VM operation: Cleanup
Event: 90.263 Executing VM operation: Cleanup done
Event: 117.274 Executing VM operation: Cleanup
Event: 117.275 Executing VM operation: Cleanup done
Event: 120.270 Executing VM operation: HandshakeAllThreads
Event: 120.271 Executing VM operation: HandshakeAllThreads done

Events (20 events):
Event: 42.299 Thread 0x000002acf87135e0 flushing nmethod 0x000002ace1974090
Event: 42.300 Thread 0x000002acf87135e0 flushing nmethod 0x000002ace19ac390
Event: 42.326 Thread 0x000002acf87135e0 flushing nmethod 0x000002ace2dc2e90
Event: 42.326 Thread 0x000002acf87135e0 flushing nmethod 0x000002ace2e22690
Event: 42.670 Thread 0x000002aca5d6ffd0 Thread exited: 0x000002aca5d6ffd0
Event: 43.019 Thread 0x000002aca735c680 Thread added: 0x000002aca735c680
Event: 43.027 Thread 0x000002aca7358ed0 Thread added: 0x000002aca7358ed0
Event: 43.027 Thread 0x000002aca735cb90 Thread added: 0x000002aca735cb90
Event: 44.266 Thread 0x000002ac9ee04a20 Thread exited: 0x000002ac9ee04a20
Event: 44.266 Thread 0x000002aca5d6f530 Thread exited: 0x000002aca5d6f530
Event: 44.931 Thread 0x000002ac9edff520 Thread exited: 0x000002ac9edff520
Event: 44.932 Thread 0x000002acfe40f010 Thread exited: 0x000002acfe40f010
Event: 45.931 Thread 0x000002acfe40c590 Thread exited: 0x000002acfe40c590
Event: 47.480 Thread 0x000002aca5d6ea90 Thread exited: 0x000002aca5d6ea90
Event: 48.812 Thread 0x000002aca5d6efe0 Thread exited: 0x000002aca5d6efe0
Event: 74.162 Thread 0x000002ac9c81a860 Thread exited: 0x000002ac9c81a860
Event: 74.162 Thread 0x000002ac9c81f960 Thread exited: 0x000002ac9c81f960
Event: 74.162 Thread 0x000002ac9c81a350 Thread exited: 0x000002ac9c81a350
Event: 94.212 Thread 0x000002ac9e2dd4d0 Thread exited: 0x000002ac9e2dd4d0
Event: 116.645 Thread 0x000002aca735bc60 Thread exited: 0x000002aca735bc60


Dynamic libraries:
0x00007ff65a830000 - 0x00007ff65a840000 	C:\Program Files\Java\jdk-17\bin\java.exe
0x00007ffaeeb10000 - 0x00007ffaeed27000 	C:\WINDOWS\SYSTEM32\ntdll.dll
0x00007ffaed3e0000 - 0x00007ffaed4a4000 	C:\WINDOWS\System32\KERNEL32.DLL
0x00007ffaebc50000 - 0x00007ffaec023000 	C:\WINDOWS\System32\KERNELBASE.dll
0x00007ffaec610000 - 0x00007ffaec721000 	C:\WINDOWS\System32\ucrtbase.dll
0x00007ffad25e0000 - 0x00007ffad25f9000 	C:\Program Files\Java\jdk-17\bin\jli.dll
0x00007ffac7e50000 - 0x00007ffac7e6b000 	C:\Program Files\Java\jdk-17\bin\VCRUNTIME140.dll
0x00007ffaeea10000 - 0x00007ffaeeac1000 	C:\WINDOWS\System32\ADVAPI32.dll
0x00007ffaed770000 - 0x00007ffaed817000 	C:\WINDOWS\System32\msvcrt.dll
0x00007ffaecbf0000 - 0x00007ffaecc97000 	C:\WINDOWS\System32\sechost.dll
0x00007ffaec1a0000 - 0x00007ffaec1c8000 	C:\WINDOWS\System32\bcrypt.dll
0x00007ffaed620000 - 0x00007ffaed734000 	C:\WINDOWS\System32\RPCRT4.dll
0x00007ffaecf90000 - 0x00007ffaed141000 	C:\WINDOWS\System32\USER32.dll
0x00007ffaebc20000 - 0x00007ffaebc46000 	C:\WINDOWS\System32\win32u.dll
0x00007ffaddbd0000 - 0x00007ffadde68000 	C:\WINDOWS\WinSxS\amd64_microsoft.windows.common-controls_6595b64144ccf1df_6.0.22621.5124_none_270e8f4f7386d69d\COMCTL32.dll
0x00007ffaed740000 - 0x00007ffaed769000 	C:\WINDOWS\System32\GDI32.dll
0x00007ffaec4f0000 - 0x00007ffaec60b000 	C:\WINDOWS\System32\gdi32full.dll
0x00007ffaec450000 - 0x00007ffaec4ea000 	C:\WINDOWS\System32\msvcp_win.dll
0x00007ffae13c0000 - 0x00007ffae13ca000 	C:\WINDOWS\SYSTEM32\VERSION.dll
0x00007ffaee8a0000 - 0x00007ffaee8d1000 	C:\WINDOWS\System32\IMM32.DLL
0x00007ffae2650000 - 0x00007ffae265c000 	C:\Program Files\Java\jdk-17\bin\vcruntime140_1.dll
0x00007ffa87220000 - 0x00007ffa872ae000 	C:\Program Files\Java\jdk-17\bin\msvcp140.dll
0x00007ffa37d30000 - 0x00007ffa38911000 	C:\Program Files\Java\jdk-17\bin\server\jvm.dll
0x00007ffaed150000 - 0x00007ffaed158000 	C:\WINDOWS\System32\PSAPI.DLL
0x00007ffad6ab0000 - 0x00007ffad6ab9000 	C:\WINDOWS\SYSTEM32\WSOCK32.dll
0x00007ffae91e0000 - 0x00007ffae9214000 	C:\WINDOWS\SYSTEM32\WINMM.dll
0x00007ffaed240000 - 0x00007ffaed2b1000 	C:\WINDOWS\System32\WS2_32.dll
0x00007ffaeac20000 - 0x00007ffaeac38000 	C:\WINDOWS\SYSTEM32\kernel.appcore.dll
0x00007ffad4930000 - 0x00007ffad493a000 	C:\Program Files\Java\jdk-17\bin\jimage.dll
0x00007ffae9220000 - 0x00007ffae9452000 	C:\WINDOWS\SYSTEM32\DBGHELP.DLL
0x00007ffaec840000 - 0x00007ffaecbd2000 	C:\WINDOWS\System32\combase.dll
0x00007ffaed160000 - 0x00007ffaed237000 	C:\WINDOWS\System32\OLEAUT32.dll
0x00007ffae91a0000 - 0x00007ffae91d2000 	C:\WINDOWS\SYSTEM32\dbgcore.DLL
0x00007ffaec3d0000 - 0x00007ffaec44b000 	C:\WINDOWS\System32\bcryptPrimitives.dll
0x00007ffae0f50000 - 0x00007ffae0f5e000 	C:\Program Files\Java\jdk-17\bin\instrument.dll
0x00007ffabe030000 - 0x00007ffabe055000 	C:\Program Files\Java\jdk-17\bin\java.dll
0x00007ffa68b90000 - 0x00007ffa68c67000 	C:\Program Files\Java\jdk-17\bin\jsvml.dll
0x00007ffaede70000 - 0x00007ffaee706000 	C:\WINDOWS\System32\SHELL32.dll
0x00007ffaec1d0000 - 0x00007ffaec30f000 	C:\WINDOWS\System32\wintypes.dll
0x00007ffae9a60000 - 0x00007ffaea37a000 	C:\WINDOWS\SYSTEM32\windows.storage.dll
0x00007ffaee8e0000 - 0x00007ffaee9ea000 	C:\WINDOWS\System32\SHCORE.dll
0x00007ffaeceb0000 - 0x00007ffaecf13000 	C:\WINDOWS\System32\shlwapi.dll
0x00007ffaebb50000 - 0x00007ffaebb7b000 	C:\WINDOWS\SYSTEM32\profapi.dll
0x00007ffab43d0000 - 0x00007ffab43e8000 	C:\Program Files\Java\jdk-17\bin\zip.dll
0x00007ffabe010000 - 0x00007ffabe029000 	C:\Program Files\Java\jdk-17\bin\net.dll
0x00007ffae72c0000 - 0x00007ffae73ec000 	C:\WINDOWS\SYSTEM32\WINHTTP.dll
0x00007ffaeb090000 - 0x00007ffaeb0fa000 	C:\WINDOWS\system32\mswsock.dll
0x00007ffab4740000 - 0x00007ffab4756000 	C:\Program Files\Java\jdk-17\bin\nio.dll
0x00007ffae26b0000 - 0x00007ffae26c0000 	C:\Program Files\Java\jdk-17\bin\verify.dll
0x00007ffadcf00000 - 0x00007ffadcf27000 	C:\Users\hr.ouedraogo\.gradle\native\1def1411415f61bf3af743bc5b6707747c0891f09f0c88961ee8f79bc544acac\windows-amd64\native-platform.dll
0x00007ffaadcc0000 - 0x00007ffaadd38000 	C:\Users\hr.ouedraogo\.gradle\native\0.2.7\x86_64-windows-gnu\gradle-fileevents.dll
0x00007ffabe000000 - 0x00007ffabe00a000 	C:\Program Files\Java\jdk-17\bin\management.dll
0x00007ffab4860000 - 0x00007ffab486b000 	C:\Program Files\Java\jdk-17\bin\management_ext.dll
0x00007ffaea4a0000 - 0x00007ffaea4cd000 	C:\WINDOWS\SYSTEM32\IPHLPAPI.DLL
0x00007ffaecbe0000 - 0x00007ffaecbe9000 	C:\WINDOWS\System32\NSI.dll
0x00007ffae6f80000 - 0x00007ffae6f99000 	C:\WINDOWS\SYSTEM32\dhcpcsvc6.DLL
0x00007ffae6ef0000 - 0x00007ffae6f0f000 	C:\WINDOWS\SYSTEM32\dhcpcsvc.DLL
0x00007ffaea4d0000 - 0x00007ffaea5d2000 	C:\WINDOWS\SYSTEM32\DNSAPI.dll
0x00007ffaeb380000 - 0x00007ffaeb39b000 	C:\WINDOWS\SYSTEM32\CRYPTSP.dll
0x00007ffaeab80000 - 0x00007ffaeabb7000 	C:\WINDOWS\system32\rsaenh.dll
0x00007ffaeb130000 - 0x00007ffaeb158000 	C:\WINDOWS\SYSTEM32\USERENV.dll
0x00007ffaeb360000 - 0x00007ffaeb36c000 	C:\WINDOWS\SYSTEM32\CRYPTBASE.dll
0x00007ffab4730000 - 0x00007ffab473e000 	C:\Program Files\Java\jdk-17\bin\sunmscapi.dll
0x00007ffaec030000 - 0x00007ffaec197000 	C:\WINDOWS\System32\CRYPT32.dll
0x00007ffaeb560000 - 0x00007ffaeb58d000 	C:\WINDOWS\SYSTEM32\ncrypt.dll
0x00007ffaeb520000 - 0x00007ffaeb557000 	C:\WINDOWS\SYSTEM32\NTASN1.dll
0x00007ffad2970000 - 0x00007ffad2978000 	C:\WINDOWS\system32\wshunix.dll
0x00007ffad6cc0000 - 0x00007ffad6cd7000 	C:\WINDOWS\system32\napinsp.dll
0x00007ffad6ce0000 - 0x00007ffad6cfb000 	C:\WINDOWS\system32\pnrpnsp.dll
0x00007ffad6d00000 - 0x00007ffad6d11000 	C:\WINDOWS\System32\winrnr.dll
0x00007ffae56c0000 - 0x00007ffae56d5000 	C:\WINDOWS\system32\wshbth.dll
0x00007ffad6d20000 - 0x00007ffad6d47000 	C:\WINDOWS\system32\nlansp_c.dll
0x00007ffae5740000 - 0x00007ffae574a000 	C:\Windows\System32\rasadhlp.dll
0x00007ffae6fa0000 - 0x00007ffae7023000 	C:\WINDOWS\System32\fwpuclnt.dll
0x00007ffadc850000 - 0x00007ffadc8e7000 	C:\WINDOWS\system32\apphelp.dll
0x00007ffad68a0000 - 0x00007ffad68a7000 	C:\Program Files\Java\jdk-17\bin\rmi.dll

dbghelp: loaded successfully - version: 4.0.5 - missing functions: none
symbol engine: initialized successfully - sym options: 0x614 - pdb path: .;C:\Program Files\Java\jdk-17\bin;C:\WINDOWS\SYSTEM32;C:\WINDOWS\WinSxS\amd64_microsoft.windows.common-controls_6595b64144ccf1df_6.0.22621.5124_none_270e8f4f7386d69d;C:\Program Files\Java\jdk-17\bin\server;C:\Users\hr.ouedraogo\.gradle\native\1def1411415f61bf3af743bc5b6707747c0891f09f0c88961ee8f79bc544acac\windows-amd64;C:\Users\hr.ouedraogo\.gradle\native\0.2.7\x86_64-windows-gnu

VM Arguments:
jvm_args: --add-opens=java.base/java.lang=ALL-UNNAMED --add-opens=java.base/java.lang.invoke=ALL-UNNAMED --add-opens=java.base/java.util=ALL-UNNAMED --add-opens=java.prefs/java.util.prefs=ALL-UNNAMED --add-exports=jdk.compiler/com.sun.tools.javac.api=ALL-UNNAMED --add-exports=jdk.compiler/com.sun.tools.javac.util=ALL-UNNAMED --add-opens=java.base/java.util=ALL-UNNAMED --add-opens=java.prefs/java.util.prefs=ALL-UNNAMED --add-opens=java.base/java.nio.charset=ALL-UNNAMED --add-opens=java.base/java.net=ALL-UNNAMED --add-opens=java.base/java.util.concurrent.atomic=ALL-UNNAMED --add-opens=java.xml/javax.xml.namespace=ALL-UNNAMED -XX:MaxMetaspaceSize=512m -Xmx2048m -Dfile.encoding=windows-1252 -Duser.country=FR -Duser.language=fr -Duser.variant -javaagent:C:\Users\hr.ouedraogo\.gradle\wrapper\dists\gradle-8.13-bin\5xuhj0ry160q40clulazy9h7d\gradle-8.13\lib\agents\gradle-instrumentation-agent-8.13.jar 
java_command: org.gradle.launcher.daemon.bootstrap.GradleDaemon 8.13
java_class_path (initial): C:\Users\hr.ouedraogo\.gradle\wrapper\dists\gradle-8.13-bin\5xuhj0ry160q40clulazy9h7d\gradle-8.13\lib\gradle-daemon-main-8.13.jar
Launcher Type: SUN_STANDARD

[Global flags]
     intx CICompilerCount                          = 12                                        {product} {ergonomic}
   size_t CompressedClassSpaceSize                 = 436207616                                 {product} {ergonomic}
     uint ConcGCThreads                            = 4                                         {product} {ergonomic}
     uint G1ConcRefinementThreads                  = 15                                        {product} {ergonomic}
   size_t G1HeapRegionSize                         = 1048576                                   {product} {ergonomic}
    uintx GCDrainStackTargetSize                   = 64                                        {product} {ergonomic}
   size_t InitialHeapSize                          = 262144000                                 {product} {ergonomic}
   size_t MarkStackSize                            = 4194304                                   {product} {ergonomic}
   size_t MaxHeapSize                              = 2147483648                                {product} {command line}
   size_t MaxMetaspaceSize                         = 536870912                                 {product} {command line}
   size_t MaxNewSize                               = 1287651328                                {product} {ergonomic}
   size_t MinHeapDeltaBytes                        = 1048576                                   {product} {ergonomic}
   size_t MinHeapSize                              = 8388608                                   {product} {ergonomic}
    uintx NonNMethodCodeHeapSize                   = 7602480                                {pd product} {ergonomic}
    uintx NonProfiledCodeHeapSize                  = 122027880                              {pd product} {ergonomic}
    uintx ProfiledCodeHeapSize                     = 122027880                              {pd product} {ergonomic}
    uintx ReservedCodeCacheSize                    = 251658240                              {pd product} {ergonomic}
     bool SegmentedCodeCache                       = true                                      {product} {ergonomic}
   size_t SoftMaxHeapSize                          = 2147483648                             {manageable} {ergonomic}
     bool UseCompressedClassPointers               = true                           {product lp64_product} {ergonomic}
     bool UseCompressedOops                        = true                           {product lp64_product} {ergonomic}
     bool UseG1GC                                  = true                                      {product} {ergonomic}
     bool UseLargePagesIndividualAllocation        = false                                  {pd product} {ergonomic}

Logging:
Log output configuration:
 #0: stdout all=warning uptime,level,tags
 #1: stderr all=off uptime,level,tags

Environment Variables:
JAVA_HOME=C:\Program Files\Java\jdk-17
CLASSPATH=C:\dev\eurekaMobile\android\\gradle\wrapper\gradle-wrapper.jar
PATH=C:\dev\eurekaMobile\node_modules\.bin;C:\dev\node_modules\.bin;C:\node_modules\.bin;C:\laragon\bin\nodejs\node-v22.9.0-win-x64\node_modules\npm\node_modules\@npmcli\run-script\lib\node-gyp-bin;C:\Users\hr.ouedraogo\AppData\Local\Yarn\config\global\node_modules\.bin;C:\Users\hr.ouedraogo\AppData\Roaming\npm;C:\Users\hr.ouedraogo\AppData\Roaming\Composer\vendor\bin;;C:\laragon\bin\laragon\utils;C:\laragon\bin\mysql\mysql-8.0.30-winx64\bin;C:\laragon\bin\php\php-7.4.0;C:\laragon\bin\composer;C:\laragon\bin\apache\httpd-2.4.54-win64-VS16\bin;C:\laragon\bin\redis\redis-x64-5.0.14.1;C:\laragon\bin\nodejs\node-v22.9.0-win-x64;C:\laragon\bin\mongodb\mongodb-win32-x86_64-enterprise-windows-7.0.12\bin;C:\laragon\bin\postgresql\postgresql-14.5-1\bin;C:\laragon\bin\python\python-3.10;C:\laragon\bin\python\python-3.10\Scripts;C:\laragon\bin\nginx\nginx-1.22.0;C:\laragon\bin\notepad++;C:\laragon\bin\telnet;C:\laragon\bin\ngrok;C:\laragon\bin\git\bin;C:\laragon\bin\git\cmd;C:\laragon\bin\git\usr\bin;C:\laragon\bin\git\mingw64\bin;C:\laragon\bin;C:\laragon\usr\bin;C:\laragon\bin\cmder\vendor\conemu-maximus5\ConEmu\Scripts;C:\laragon\bin\cmder\vendor\conemu-maximus5;C:\laragon\bin\cmder\vendor\conemu-maximus5\ConEmu;C:\Program Files (x86)\Common Files\Oracle\Java\javapath;C:\DevSuiteHome_1\jdk\jre\bin\classic;C:\DevSuiteHome_1\jdk\jre\bin;C:\DevSuiteHome_1\jdk\jre\bin\client;C:\DevSuiteHome_1\jlib;C:\DevSuiteHome_1\bin;C:\DevSuiteHome_1\jre\1.4.2\bin\client;C:\DevSuiteHome_1\jre\1.4.2\bin;C:\Program Files (x86)\Oracle Client for Microsoft Tools\;C:\Users\hr.ouedraogo\Videos\oracleDB\bin;C:\oracle\instantclient_12_2;C:\WINDOWS\system32;C:\WINDOWS;C:\WINDOWS\System32\Wbem;C:\WINDOWS\System32\WindowsPowerShell\v1.0\;C:\WINDOWS\System32\OpenSSH\;C:\Program Files\Microsoft SQL Server\150\Tools\Binn\;C:\Program Files\Microsoft SQL Server\Client SDK\ODBC\170\Tools\Binn\;C:\laragon\bin\nodejs\node-v22.9.0-win-x64\;C:\Program Files (x86)\Microsoft SQL Server\160\Tools\Binn\;C:\Program File
USERNAME=hr.ouedraogo
LANG=fr_FR.UTF-8
OS=Windows_NT
PROCESSOR_IDENTIFIER=Intel64 Family 6 Model 186 Stepping 2, GenuineIntel



---------------  S Y S T E M  ---------------

OS:
 Windows 11 , 64 bit Build 22621 (10.0.22621.5124)
OS uptime: 4 days 0:02 hours
Hyper-V role detected

CPU: total 20 (initial active 20) (10 cores per cpu, 2 threads per core) family 6 model 186 stepping 2 microcode 0x411d, cx8, cmov, fxsr, ht, mmx, 3dnowpref, sse, sse2, sse3, ssse3, sse4.1, sse4.2, popcnt, lzcnt, tsc, tscinvbit, avx, avx2, aes, erms, clmul, bmi1, bmi2, adx, sha, fma, vzeroupper, clflush, clflushopt, clwb, hv

Memory: 4k page, system-wide physical 15901M (1274M free)
TotalPageFile size 35481M (AvailPageFile size 1009M)
current process WorkingSet (physical memory assigned to process): 789M, peak: 860M
current process commit charge ("private bytes"): 876M, peak: 955M

vm_info: Java HotSpot(TM) 64-Bit Server VM (17.0.13+10-LTS-268) for windows-amd64 JRE (17.0.13+10-LTS-268), built on Sep 30 2024 06:33:13 by "mach5one" with MS VC++ 17.6 (VS2022)

END.
