#
# There is insufficient memory for the Java Runtime Environment to continue.
# Native memory allocation (malloc) failed to allocate 32744 bytes for ChunkPool::allocate
# Possible reasons:
#   The system is out of physical RAM or swap space
#   The process is running with CompressedOops enabled, and the Java Heap may be blocking the growth of the native heap
# Possible solutions:
#   Reduce memory load on the system
#   Increase physical memory or swap space
#   Check if swap backing store is full
#   Decrease Java heap size (-Xmx/-Xms)
#   Decrease number of Java threads
#   Decrease Java thread stack sizes (-Xss)
#   Set larger code cache with -XX:ReservedCodeCacheSize=
#   JVM is running with Unscaled Compressed Oops mode in which the Java heap is
#     placed in the first 4GB address space. The Java Heap base address is the
#     maximum limit for the native heap growth. Please use -XX:HeapBaseMinAddress
#     to set the Java Heap base and to place the Java Heap above 4GB virtual address.
# This output file may be truncated or incomplete.
#
#  Out of Memory Error (arena.cpp:78), pid=32588, tid=32976
#
# JRE version: Java(TM) SE Runtime Environment (17.0.13+10) (build 17.0.13+10-LTS-268)
# Java VM: Java HotSpot(TM) 64-Bit Server VM (17.0.13+10-LTS-268, mixed mode, sharing, tiered, compressed oops, compressed class ptrs, g1 gc, windows-amd64)
# No core dump will be written. Minidumps are not enabled by default on client versions of Windows
#

---------------  S U M M A R Y ------------

Command Line: --add-opens=java.base/java.lang=ALL-UNNAMED --add-opens=java.base/java.lang.invoke=ALL-UNNAMED --add-opens=java.base/java.util=ALL-UNNAMED --add-opens=java.prefs/java.util.prefs=ALL-UNNAMED --add-exports=jdk.compiler/com.sun.tools.javac.api=ALL-UNNAMED --add-exports=jdk.compiler/com.sun.tools.javac.util=ALL-UNNAMED --add-opens=java.base/java.util=ALL-UNNAMED --add-opens=java.prefs/java.util.prefs=ALL-UNNAMED --add-opens=java.base/java.nio.charset=ALL-UNNAMED --add-opens=java.base/java.net=ALL-UNNAMED --add-opens=java.base/java.util.concurrent.atomic=ALL-UNNAMED --add-opens=java.xml/javax.xml.namespace=ALL-UNNAMED -XX:MaxMetaspaceSize=512m -Xmx2048m -Dfile.encoding=windows-1252 -Duser.country=FR -Duser.language=fr -Duser.variant -javaagent:C:\Users\hr.ouedraogo\.gradle\wrapper\dists\gradle-8.13-bin\5xuhj0ry160q40clulazy9h7d\gradle-8.13\lib\agents\gradle-instrumentation-agent-8.13.jar org.gradle.launcher.daemon.bootstrap.GradleDaemon 8.13

Host: 13th Gen Intel(R) Core(TM) i7-13700H, 20 cores, 15G,  Windows 11 , 64 bit Build 22621 (10.0.22621.5124)
Time: Sun May 11 17:28:31 2025 Temps universel coordonné elapsed time: 74.821719 seconds (0d 0h 1m 14s)

---------------  T H R E A D  ---------------

Current thread (0x0000017a54cbdc60):  JavaThread "C2 CompilerThread0" daemon [_thread_in_native, id=32976, stack(0x000000305d300000,0x000000305d400000)]


Current CompileTask:
C2:  74821 21200       4       org.gradle.internal.logging.text.AbstractLineChoppingStyledTextOutput$1::execute (9 bytes)

Stack: [0x000000305d300000,0x000000305d400000]
Native frames: (J=compiled Java code, j=interpreted, Vv=VM code, C=native code)
V  [jvm.dll+0x67a23a]
V  [jvm.dll+0x7da96d]
V  [jvm.dll+0x7dc2b3]
V  [jvm.dll+0x7dc923]
V  [jvm.dll+0x2450ef]
V  [jvm.dll+0xab9c4]
V  [jvm.dll+0xabd5c]
V  [jvm.dll+0x21ae3d]
V  [jvm.dll+0x218edf]
V  [jvm.dll+0x215bc5]
V  [jvm.dll+0x1a2980]
V  [jvm.dll+0x22616b]
V  [jvm.dll+0x22430b]
V  [jvm.dll+0x790a8c]
V  [jvm.dll+0x78af1a]
V  [jvm.dll+0x679125]
C  [ucrtbase.dll+0x29333]
C  [KERNEL32.DLL+0x1259d]
C  [ntdll.dll+0x5af38]


---------------  P R O C E S S  ---------------

Threads class SMR info:
_java_thread_list=0x0000017a7d995230, length=308, elements={
0x0000017a35a892a0, 0x0000017a54ca03d0, 0x0000017a54ca1250, 0x0000017a54cb9220,
0x0000017a54cbbbf0, 0x0000017a54cbc5b0, 0x0000017a54cbcf70, 0x0000017a54cbdc60,
0x0000017a54cc0720, 0x0000017a54cc3130, 0x0000017a701b11e0, 0x0000017a7032b040,
0x0000017a76e30010, 0x0000017a706bab10, 0x0000017a70b7c0f0, 0x0000017a75fcea40,
0x0000017a76ab3850, 0x0000017a70b4be10, 0x0000017a70b4aee0, 0x0000017a70b4d250,
0x0000017a70b4c320, 0x0000017a70b4cd40, 0x0000017a70b4b3f0, 0x0000017a70b4b900,
0x0000017a7786bfe0, 0x0000017a7786b0b0, 0x0000017a77865fb0, 0x0000017a7786aba0,
0x0000017a77867900, 0x0000017a77866ee0, 0x0000017a77867e10, 0x0000017a77869c70,
0x0000017a7786a690, 0x0000017a7786bad0, 0x0000017a77865aa0, 0x0000017a7786c4f0,
0x0000017a77869760, 0x0000017a70b4dc70, 0x0000017a765f23d0, 0x0000017a765f1ec0,
0x0000017a765f5670, 0x0000017a765f3810, 0x0000017a765f2df0, 0x0000017a765f3d20,
0x0000017a765f4230, 0x0000017a765f4c50, 0x0000017a765f3300, 0x0000017a765f4740,
0x0000017a765f5160, 0x0000017a786fdec0, 0x0000017a786fc060, 0x0000017a786fd4a0,
0x0000017a78701b80, 0x0000017a786fcf90, 0x0000017a787034d0, 0x0000017a78700230,
0x0000017a786ffd20, 0x0000017a786fc570, 0x0000017a786fd9b0, 0x0000017a786ff300,
0x0000017a786fe3d0, 0x0000017a786fe8e0, 0x0000017a786fca80, 0x0000017a78702fc0,
0x0000017a78701160, 0x0000017a78700740, 0x0000017a786fedf0, 0x0000017a787025a0,
0x0000017a78700c50, 0x0000017a787039e0, 0x0000017a78701670, 0x0000017a786ff810,
0x0000017a78702090, 0x0000017a78702ab0, 0x0000017a78e31fd0, 0x0000017a78e2e310,
0x0000017a78e315b0, 0x0000017a78e310a0, 0x0000017a78e2fc60, 0x0000017a78e2f240,
0x0000017a78e2ba90, 0x0000017a78e2c9c0, 0x0000017a78e2e820, 0x0000017a78e2f750,
0x0000017a78e2ced0, 0x0000017a78e2bfa0, 0x0000017a78e2ed30, 0x0000017a78e30170,
0x0000017a78e2d8f0, 0x0000017a78e33410, 0x0000017a78e2de00, 0x0000017a78e32f00,
0x0000017a78e329f0, 0x0000017a78e30b90, 0x0000017a78e2c4b0, 0x0000017a78e2d3e0,
0x0000017a78e31ac0, 0x0000017a78e324e0, 0x0000017a78e30680, 0x0000017a708d1110,
0x0000017a708d5d00, 0x0000017a708cf7c0, 0x0000017a708d57f0, 0x0000017a708d6210,
0x0000017a708ceda0, 0x0000017a708d3990, 0x0000017a708d1b30, 0x0000017a708d01e0,
0x0000017a708d2040, 0x0000017a708d2550, 0x0000017a708d2f70, 0x0000017a708d3ea0,
0x0000017a708d6720, 0x0000017a708d0c00, 0x0000017a757ae9c0, 0x0000017a757b1c60,
0x0000017a757aeed0, 0x0000017a757ae4b0, 0x0000017a757afe00, 0x0000017a757af3e0,
0x0000017a757b2b90, 0x0000017a757b2170, 0x0000017a757b0310, 0x0000017a757b0820,
0x0000017a757af8f0, 0x0000017a757b49f0, 0x0000017a757b30a0, 0x0000017a757adfa0,
0x0000017a757b0d30, 0x0000017a757b3ac0, 0x0000017a757b35b0, 0x0000017a757b3fd0,
0x0000017a757b1240, 0x0000017a757b44e0, 0x0000017a757ad580, 0x0000017a757b4f00,
0x0000017a757ada90, 0x0000017a757b1750, 0x0000017a79c3c9f0, 0x0000017a79c406b0,
0x0000017a79c3ed60, 0x0000017a79c40bc0, 0x0000017a79c401a0, 0x0000017a79c3f270,
0x0000017a79c3cf00, 0x0000017a79c3fc90, 0x0000017a79c3de30, 0x0000017a79c3e340,
0x0000017a79c3f780, 0x0000017a79c43e60, 0x0000017a79c3e850, 0x0000017a79c415e0,
0x0000017a79c44370, 0x0000017a79c410d0, 0x0000017a79c42000, 0x0000017a79c41af0,
0x0000017a79c3d920, 0x0000017a79c42510, 0x0000017a79c42a20, 0x0000017a79c3d410,
0x0000017a79c42f30, 0x0000017a79c43440, 0x0000017a79c43950, 0x0000017a79ce57e0,
0x0000017a79ce1610, 0x0000017a79cde370, 0x0000017a79ce4dc0, 0x0000017a79ce1b20,
0x0000017a79ce1100, 0x0000017a79ce2f60, 0x0000017a79ce3e90, 0x0000017a79cdf2a0,
0x0000017a79ce06e0, 0x0000017a79ce43a0, 0x0000017a79ce0bf0, 0x0000017a79ce2030,
0x0000017a79ce2540, 0x0000017a79ce48b0, 0x0000017a79ce52d0, 0x0000017a79ce2a50,
0x0000017a79ce3980, 0x0000017a79ce3470, 0x0000017a79ce5cf0, 0x0000017a79ce01d0,
0x0000017a79cde880, 0x0000017a79cded90, 0x0000017a79cdfcc0, 0x0000017a79cdf7b0,
0x0000017a756d3ea0, 0x0000017a756d01e0, 0x0000017a756d3480, 0x0000017a756cf7c0,
0x0000017a756cfcd0, 0x0000017a756ce890, 0x0000017a756d2040, 0x0000017a756cde70,
0x0000017a756d2550, 0x0000017a756d06f0, 0x0000017a756d1b30, 0x0000017a756d43b0,
0x0000017a756ce380, 0x0000017a756d1110, 0x0000017a756d0c00, 0x0000017a756d2f70,
0x0000017a756d3990, 0x0000017a756d1620, 0x0000017a756d2a60, 0x0000017a756d52e0,
0x0000017a756d48c0, 0x0000017a756d4dd0, 0x0000017a756d57f0, 0x0000017a756ceda0,
0x0000017a756cf2b0, 0x0000017a75dd0f00, 0x0000017a75dcc310, 0x0000017a75dcd240,
0x0000017a75dd2d60, 0x0000017a75dd1e30, 0x0000017a75dceb90, 0x0000017a75dcfac0,
0x0000017a75dd2850, 0x0000017a75dcc820, 0x0000017a75dcdc60, 0x0000017a75dccd30,
0x0000017a75dcb8f0, 0x0000017a75dd1410, 0x0000017a75dce170, 0x0000017a75dd3270,
0x0000017a75dcf0a0, 0x0000017a75dcf5b0, 0x0000017a75dd04e0, 0x0000017a75dd1920,
0x0000017a75dcbe00, 0x0000017a75dd92a0, 0x0000017a75dd6f30, 0x0000017a75dda1d0,
0x0000017a75dda6e0, 0x0000017a75dd7440, 0x0000017a75dd3c90, 0x0000017a75dd6510,
0x0000017a75dd5af0, 0x0000017a75dd7950, 0x0000017a75dd9cc0, 0x0000017a75ddabf0,
0x0000017a75dd7e60, 0x0000017a75dd8d90, 0x0000017a75dd41a0, 0x0000017a75dd4bc0,
0x0000017a75dd46b0, 0x0000017a75dd6a20, 0x0000017a75dd8370, 0x0000017a75dd3780,
0x0000017a75ddb100, 0x0000017a75dd8880, 0x0000017a75dd50d0, 0x0000017a75dd97b0,
0x0000017a75dd55e0, 0x0000017a75dd6000, 0x0000017a708d52e0, 0x0000017a708cf2b0,
0x0000017a70b4e690, 0x0000017a77868830, 0x0000017a776f0270, 0x0000017a776f3510,
0x0000017a776f67b0, 0x0000017a776f4950, 0x0000017a776f16b0, 0x0000017a776f3000,
0x0000017a776f5370, 0x0000017a776f1bc0, 0x0000017a776f4e60, 0x0000017a776f3a20,
0x0000017a776f5880, 0x0000017a776f3f30, 0x0000017a776ef850, 0x0000017a776f0780,
0x0000017a776f4440, 0x0000017a776f5d90, 0x0000017a776f2af0, 0x0000017a776f62a0,
0x0000017a776f8100, 0x0000017a776f0c90, 0x0000017a776fa980, 0x0000017a776fbdc0,
0x0000017a776fc7e0, 0x0000017a776fccf0, 0x0000017a776f9f60, 0x0000017a776f9a50,
0x0000017a776f9030, 0x0000017a776fa470, 0x0000017a776fdc20, 0x0000017a7786b5c0,
0x0000017a77865080, 0x0000017a70b4d760, 0x0000017a7eecff30, 0x0000017a7eed5f60,
0x0000017a7eecfa20, 0x0000017a7eed6470, 0x0000017a7eed5540, 0x0000017a7eed22a0,
0x0000017a7eed4b20, 0x0000017a7eed1370, 0x0000017a7eed5030, 0x0000017a7eecf510,
0x0000017a7eed6e90, 0x0000017a76a89080, 0x0000017a76a8bb00, 0x0000017a7e6669f0
}

Java Threads: ( => current thread )
  0x0000017a35a892a0 JavaThread "main" [_thread_blocked, id=10248, stack(0x000000305c600000,0x000000305c700000)]
  0x0000017a54ca03d0 JavaThread "Reference Handler" daemon [_thread_blocked, id=16356, stack(0x000000305cd00000,0x000000305ce00000)]
  0x0000017a54ca1250 JavaThread "Finalizer" daemon [_thread_blocked, id=27248, stack(0x000000305ce00000,0x000000305cf00000)]
  0x0000017a54cb9220 JavaThread "Signal Dispatcher" daemon [_thread_blocked, id=33740, stack(0x000000305cf00000,0x000000305d000000)]
  0x0000017a54cbbbf0 JavaThread "Attach Listener" daemon [_thread_blocked, id=24592, stack(0x000000305d000000,0x000000305d100000)]
  0x0000017a54cbc5b0 JavaThread "Service Thread" daemon [_thread_blocked, id=11744, stack(0x000000305d100000,0x000000305d200000)]
  0x0000017a54cbcf70 JavaThread "Monitor Deflation Thread" daemon [_thread_blocked, id=30896, stack(0x000000305d200000,0x000000305d300000)]
=>0x0000017a54cbdc60 JavaThread "C2 CompilerThread0" daemon [_thread_in_native, id=32976, stack(0x000000305d300000,0x000000305d400000)]
  0x0000017a54cc0720 JavaThread "C1 CompilerThread0" daemon [_thread_in_native, id=28244, stack(0x000000305d400000,0x000000305d500000)]
  0x0000017a54cc3130 JavaThread "Sweeper thread" daemon [_thread_blocked, id=23868, stack(0x000000305d500000,0x000000305d600000)]
  0x0000017a701b11e0 JavaThread "Common-Cleaner" daemon [_thread_blocked, id=32612, stack(0x000000305d700000,0x000000305d800000)]
  0x0000017a7032b040 JavaThread "Notification Thread" daemon [_thread_blocked, id=29088, stack(0x000000305dc00000,0x000000305dd00000)]
  0x0000017a76e30010 JavaThread "Daemon health stats" [_thread_blocked, id=20236, stack(0x000000305df00000,0x000000305e000000)]
  0x0000017a706bab10 JavaThread "Incoming local TCP Connector on port 50296" [_thread_in_native, id=7016, stack(0x000000305de00000,0x000000305df00000)]
  0x0000017a70b7c0f0 JavaThread "Daemon periodic checks" [_thread_blocked, id=18940, stack(0x000000305e000000,0x000000305e100000)]
  0x0000017a75fcea40 JavaThread "Daemon" [_thread_blocked, id=26632, stack(0x000000305e100000,0x000000305e200000)]
  0x0000017a76ab3850 JavaThread "Handler for socket connection from /127.0.0.1:50296 to /127.0.0.1:50297" [_thread_in_native, id=32080, stack(0x000000305e700000,0x000000305e800000)]
  0x0000017a70b4be10 JavaThread "Cancel handler" [_thread_blocked, id=23664, stack(0x000000305e800000,0x000000305e900000)]
  0x0000017a70b4aee0 JavaThread "Daemon worker" [_thread_blocked, id=27020, stack(0x000000305e900000,0x000000305ea00000)]
  0x0000017a70b4d250 JavaThread "Asynchronous log dispatcher for DefaultDaemonConnection: socket connection from /127.0.0.1:50296 to /127.0.0.1:50297" [_thread_blocked, id=12192, stack(0x000000305ea00000,0x000000305eb00000)]
  0x0000017a70b4c320 JavaThread "Stdin handler" [_thread_blocked, id=25844, stack(0x000000305eb00000,0x000000305ec00000)]
  0x0000017a70b4cd40 JavaThread "Daemon client event forwarder" [_thread_blocked, id=23192, stack(0x000000305ec00000,0x000000305ed00000)]
  0x0000017a70b4b3f0 JavaThread "Cache worker for journal cache (C:\Users\hr.ouedraogo\.gradle\caches\journal-1)" [_thread_blocked, id=22808, stack(0x000000305db00000,0x000000305dc00000)]
  0x0000017a70b4b900 JavaThread "File lock request listener" [_thread_in_native, id=30684, stack(0x000000305ed00000,0x000000305ee00000)]
  0x0000017a7786bfe0 JavaThread "Cache worker for file hash cache (C:\Users\hr.ouedraogo\.gradle\caches\8.13\fileHashes)" [_thread_blocked, id=17620, stack(0x000000305ee00000,0x000000305ef00000)]
  0x0000017a7786b0b0 JavaThread "Cache worker for file hash cache (C:\dev\eurekaMobile\android\.gradle\8.13\fileHashes)" [_thread_blocked, id=17892, stack(0x000000305f000000,0x000000305f100000)]
  0x0000017a77865fb0 JavaThread "Cache worker for Build Output Cleanup Cache (C:\dev\eurekaMobile\android\.gradle\buildOutputCleanup)" [_thread_blocked, id=29744, stack(0x000000305f100000,0x000000305f200000)]
  0x0000017a7786aba0 JavaThread "File watcher server" daemon [_thread_in_native, id=24996, stack(0x000000305ef00000,0x000000305f000000)]
  0x0000017a77867900 JavaThread "File watcher consumer" daemon [_thread_blocked, id=16508, stack(0x000000305fe00000,0x000000305ff00000)]
  0x0000017a77866ee0 JavaThread "jar transforms" [_thread_blocked, id=28460, stack(0x0000003060300000,0x0000003060400000)]
  0x0000017a77867e10 JavaThread "Cache worker for checksums cache (C:\dev\eurekaMobile\android\.gradle\8.13\checksums)" [_thread_blocked, id=6612, stack(0x0000003060200000,0x0000003060300000)]
  0x0000017a77869c70 JavaThread "Cache worker for file content cache (C:\Users\hr.ouedraogo\.gradle\caches\8.13\fileContent)" [_thread_blocked, id=28848, stack(0x0000003060400000,0x0000003060500000)]
  0x0000017a7786a690 JavaThread "Cache worker for cache directory md-supplier (C:\Users\hr.ouedraogo\.gradle\caches\8.13\md-supplier)" [_thread_blocked, id=17808, stack(0x0000003060500000,0x0000003060600000)]
  0x0000017a7786bad0 JavaThread "Cache worker for cache directory md-rule (C:\Users\hr.ouedraogo\.gradle\caches\8.13\md-rule)" [_thread_blocked, id=32256, stack(0x0000003060600000,0x0000003060700000)]
  0x0000017a77865aa0 JavaThread "Cache worker for Build Output Cleanup Cache (C:\dev\eurekaMobile\node_modules\@react-native\gradle-plugin\.gradle\buildOutputCleanup)" [_thread_blocked, id=20876, stack(0x0000003060700000,0x0000003060800000)]
  0x0000017a7786c4f0 JavaThread "Unconstrained build operations" [_thread_blocked, id=11516, stack(0x0000003060100000,0x0000003060200000)]
  0x0000017a77869760 JavaThread "Unconstrained build operations Thread 2" [_thread_blocked, id=30808, stack(0x0000003060800000,0x0000003060900000)]
  0x0000017a70b4dc70 JavaThread "Unconstrained build operations Thread 3" [_thread_blocked, id=30364, stack(0x0000003060900000,0x0000003060a00000)]
  0x0000017a765f23d0 JavaThread "Unconstrained build operations Thread 4" [_thread_blocked, id=20280, stack(0x0000003060a00000,0x0000003060b00000)]
  0x0000017a765f1ec0 JavaThread "Unconstrained build operations Thread 5" [_thread_blocked, id=4820, stack(0x0000003060b00000,0x0000003060c00000)]
  0x0000017a765f5670 JavaThread "Unconstrained build operations Thread 6" [_thread_blocked, id=33272, stack(0x0000003060c00000,0x0000003060d00000)]
  0x0000017a765f3810 JavaThread "Unconstrained build operations Thread 7" [_thread_blocked, id=27508, stack(0x0000003060000000,0x0000003060100000)]
  0x0000017a765f2df0 JavaThread "Unconstrained build operations Thread 8" [_thread_blocked, id=24292, stack(0x0000003060d00000,0x0000003060e00000)]
  0x0000017a765f3d20 JavaThread "Unconstrained build operations Thread 9" [_thread_blocked, id=32012, stack(0x0000003060e00000,0x0000003060f00000)]
  0x0000017a765f4230 JavaThread "Unconstrained build operations Thread 10" [_thread_blocked, id=22484, stack(0x0000003060f00000,0x0000003061000000)]
  0x0000017a765f4c50 JavaThread "Unconstrained build operations Thread 11" [_thread_blocked, id=33256, stack(0x0000003061000000,0x0000003061100000)]
  0x0000017a765f3300 JavaThread "Unconstrained build operations Thread 12" [_thread_blocked, id=25372, stack(0x0000003061100000,0x0000003061200000)]
  0x0000017a765f4740 JavaThread "Unconstrained build operations Thread 13" [_thread_blocked, id=25360, stack(0x0000003061200000,0x0000003061300000)]
  0x0000017a765f5160 JavaThread "Unconstrained build operations Thread 14" [_thread_blocked, id=19268, stack(0x0000003061300000,0x0000003061400000)]
  0x0000017a786fdec0 JavaThread "Unconstrained build operations Thread 15" [_thread_blocked, id=20164, stack(0x0000003061400000,0x0000003061500000)]
  0x0000017a786fc060 JavaThread "Unconstrained build operations Thread 16" [_thread_blocked, id=5208, stack(0x0000003061500000,0x0000003061600000)]
  0x0000017a786fd4a0 JavaThread "Unconstrained build operations Thread 17" [_thread_blocked, id=31000, stack(0x0000003061600000,0x0000003061700000)]
  0x0000017a78701b80 JavaThread "Unconstrained build operations Thread 18" [_thread_blocked, id=16488, stack(0x0000003061700000,0x0000003061800000)]
  0x0000017a786fcf90 JavaThread "Unconstrained build operations Thread 19" [_thread_blocked, id=27424, stack(0x0000003061800000,0x0000003061900000)]
  0x0000017a787034d0 JavaThread "Unconstrained build operations Thread 20" [_thread_blocked, id=27908, stack(0x0000003061900000,0x0000003061a00000)]
  0x0000017a78700230 JavaThread "Unconstrained build operations Thread 21" [_thread_blocked, id=29400, stack(0x0000003061a00000,0x0000003061b00000)]
  0x0000017a786ffd20 JavaThread "Unconstrained build operations Thread 22" [_thread_blocked, id=12436, stack(0x0000003061b00000,0x0000003061c00000)]
  0x0000017a786fc570 JavaThread "Unconstrained build operations Thread 23" [_thread_blocked, id=29360, stack(0x0000003061c00000,0x0000003061d00000)]
  0x0000017a786fd9b0 JavaThread "Unconstrained build operations Thread 24" [_thread_blocked, id=19944, stack(0x0000003061d00000,0x0000003061e00000)]
  0x0000017a786ff300 JavaThread "Unconstrained build operations Thread 25" [_thread_blocked, id=26864, stack(0x0000003061e00000,0x0000003061f00000)]
  0x0000017a786fe3d0 JavaThread "Unconstrained build operations Thread 26" [_thread_blocked, id=30760, stack(0x0000003061f00000,0x0000003062000000)]
  0x0000017a786fe8e0 JavaThread "Unconstrained build operations Thread 27" [_thread_blocked, id=21852, stack(0x0000003062000000,0x0000003062100000)]
  0x0000017a786fca80 JavaThread "Unconstrained build operations Thread 28" [_thread_blocked, id=32100, stack(0x0000003062100000,0x0000003062200000)]
  0x0000017a78702fc0 JavaThread "Unconstrained build operations Thread 29" [_thread_blocked, id=27984, stack(0x0000003062200000,0x0000003062300000)]
  0x0000017a78701160 JavaThread "Unconstrained build operations Thread 30" [_thread_blocked, id=28248, stack(0x0000003062300000,0x0000003062400000)]
  0x0000017a78700740 JavaThread "Unconstrained build operations Thread 31" [_thread_blocked, id=2544, stack(0x0000003062400000,0x0000003062500000)]
  0x0000017a786fedf0 JavaThread "Unconstrained build operations Thread 32" [_thread_blocked, id=424, stack(0x0000003062500000,0x0000003062600000)]
  0x0000017a787025a0 JavaThread "Unconstrained build operations Thread 33" [_thread_blocked, id=21176, stack(0x0000003062600000,0x0000003062700000)]
  0x0000017a78700c50 JavaThread "Unconstrained build operations Thread 34" [_thread_blocked, id=15288, stack(0x0000003062700000,0x0000003062800000)]
  0x0000017a787039e0 JavaThread "Unconstrained build operations Thread 35" [_thread_blocked, id=22112, stack(0x0000003062800000,0x0000003062900000)]
  0x0000017a78701670 JavaThread "Unconstrained build operations Thread 36" [_thread_blocked, id=28164, stack(0x0000003062900000,0x0000003062a00000)]
  0x0000017a786ff810 JavaThread "Unconstrained build operations Thread 37" [_thread_blocked, id=9988, stack(0x0000003062a00000,0x0000003062b00000)]
  0x0000017a78702090 JavaThread "Unconstrained build operations Thread 38" [_thread_blocked, id=4548, stack(0x0000003062b00000,0x0000003062c00000)]
  0x0000017a78702ab0 JavaThread "Unconstrained build operations Thread 39" [_thread_blocked, id=21296, stack(0x0000003062c00000,0x0000003062d00000)]
  0x0000017a78e31fd0 JavaThread "Unconstrained build operations Thread 40" [_thread_blocked, id=27716, stack(0x0000003062d00000,0x0000003062e00000)]
  0x0000017a78e2e310 JavaThread "Unconstrained build operations Thread 41" [_thread_blocked, id=23156, stack(0x0000003062e00000,0x0000003062f00000)]
  0x0000017a78e315b0 JavaThread "Unconstrained build operations Thread 42" [_thread_blocked, id=29268, stack(0x0000003062f00000,0x0000003063000000)]
  0x0000017a78e310a0 JavaThread "Unconstrained build operations Thread 43" [_thread_blocked, id=18652, stack(0x0000003063000000,0x0000003063100000)]
  0x0000017a78e2fc60 JavaThread "Unconstrained build operations Thread 44" [_thread_blocked, id=21096, stack(0x0000003063100000,0x0000003063200000)]
  0x0000017a78e2f240 JavaThread "Unconstrained build operations Thread 45" [_thread_blocked, id=20068, stack(0x0000003063200000,0x0000003063300000)]
  0x0000017a78e2ba90 JavaThread "Unconstrained build operations Thread 46" [_thread_blocked, id=27260, stack(0x0000003063300000,0x0000003063400000)]
  0x0000017a78e2c9c0 JavaThread "Unconstrained build operations Thread 47" [_thread_blocked, id=26428, stack(0x0000003063400000,0x0000003063500000)]
  0x0000017a78e2e820 JavaThread "Unconstrained build operations Thread 48" [_thread_blocked, id=12456, stack(0x0000003063500000,0x0000003063600000)]
  0x0000017a78e2f750 JavaThread "Unconstrained build operations Thread 49" [_thread_blocked, id=29036, stack(0x0000003063600000,0x0000003063700000)]
  0x0000017a78e2ced0 JavaThread "Unconstrained build operations Thread 50" [_thread_blocked, id=30488, stack(0x0000003063700000,0x0000003063800000)]
  0x0000017a78e2bfa0 JavaThread "Unconstrained build operations Thread 51" [_thread_blocked, id=30828, stack(0x0000003063800000,0x0000003063900000)]
  0x0000017a78e2ed30 JavaThread "Unconstrained build operations Thread 52" [_thread_blocked, id=20924, stack(0x0000003063900000,0x0000003063a00000)]
  0x0000017a78e30170 JavaThread "Unconstrained build operations Thread 53" [_thread_blocked, id=32956, stack(0x0000003063a00000,0x0000003063b00000)]
  0x0000017a78e2d8f0 JavaThread "Unconstrained build operations Thread 54" [_thread_blocked, id=19396, stack(0x0000003063b00000,0x0000003063c00000)]
  0x0000017a78e33410 JavaThread "Unconstrained build operations Thread 55" [_thread_blocked, id=31184, stack(0x0000003063c00000,0x0000003063d00000)]
  0x0000017a78e2de00 JavaThread "Unconstrained build operations Thread 56" [_thread_blocked, id=17928, stack(0x0000003063d00000,0x0000003063e00000)]
  0x0000017a78e32f00 JavaThread "Unconstrained build operations Thread 57" [_thread_blocked, id=17744, stack(0x0000003063e00000,0x0000003063f00000)]
  0x0000017a78e329f0 JavaThread "Unconstrained build operations Thread 58" [_thread_blocked, id=22088, stack(0x0000003063f00000,0x0000003064000000)]
  0x0000017a78e30b90 JavaThread "Unconstrained build operations Thread 59" [_thread_blocked, id=23468, stack(0x0000003064000000,0x0000003064100000)]
  0x0000017a78e2c4b0 JavaThread "Unconstrained build operations Thread 60" [_thread_blocked, id=23484, stack(0x0000003064100000,0x0000003064200000)]
  0x0000017a78e2d3e0 JavaThread "Unconstrained build operations Thread 61" [_thread_blocked, id=31640, stack(0x0000003064200000,0x0000003064300000)]
  0x0000017a78e31ac0 JavaThread "Unconstrained build operations Thread 62" [_thread_blocked, id=26728, stack(0x0000003064300000,0x0000003064400000)]
  0x0000017a78e324e0 JavaThread "Unconstrained build operations Thread 63" [_thread_blocked, id=4172, stack(0x0000003064400000,0x0000003064500000)]
  0x0000017a78e30680 JavaThread "build event listener" [_thread_blocked, id=14400, stack(0x0000003064700000,0x0000003064800000)]
  0x0000017a708d1110 JavaThread "Memory manager" [_thread_blocked, id=25036, stack(0x0000003064600000,0x0000003064700000)]
  0x0000017a708d5d00 JavaThread "ForkJoinPool.commonPool-worker-1" daemon [_thread_blocked, id=20744, stack(0x0000003064800000,0x0000003064900000)]
  0x0000017a708cf7c0 JavaThread "ForkJoinPool.commonPool-worker-2" daemon [_thread_blocked, id=16936, stack(0x0000003064900000,0x0000003064a00000)]
  0x0000017a708d57f0 JavaThread "ForkJoinPool.commonPool-worker-3" daemon [_thread_blocked, id=15784, stack(0x0000003064a00000,0x0000003064b00000)]
  0x0000017a708d6210 JavaThread "ForkJoinPool.commonPool-worker-4" daemon [_thread_blocked, id=19820, stack(0x0000003064b00000,0x0000003064c00000)]
  0x0000017a708ceda0 JavaThread "ForkJoinPool.commonPool-worker-5" daemon [_thread_blocked, id=28700, stack(0x0000003064c00000,0x0000003064d00000)]
  0x0000017a708d3990 JavaThread "ForkJoinPool.commonPool-worker-6" daemon [_thread_blocked, id=20324, stack(0x0000003064d00000,0x0000003064e00000)]
  0x0000017a708d1b30 JavaThread "ForkJoinPool.commonPool-worker-7" daemon [_thread_blocked, id=21960, stack(0x0000003064e00000,0x0000003064f00000)]
  0x0000017a708d01e0 JavaThread "ForkJoinPool.commonPool-worker-8" daemon [_thread_blocked, id=12048, stack(0x0000003064f00000,0x0000003065000000)]
  0x0000017a708d2040 JavaThread "ForkJoinPool.commonPool-worker-9" daemon [_thread_blocked, id=31592, stack(0x0000003065000000,0x0000003065100000)]
  0x0000017a708d2550 JavaThread "ForkJoinPool.commonPool-worker-10" daemon [_thread_blocked, id=23692, stack(0x0000003065100000,0x0000003065200000)]
  0x0000017a708d2f70 JavaThread "ForkJoinPool.commonPool-worker-11" daemon [_thread_blocked, id=33768, stack(0x0000003065200000,0x0000003065300000)]
  0x0000017a708d3ea0 JavaThread "ForkJoinPool.commonPool-worker-12" daemon [_thread_blocked, id=4312, stack(0x0000003065400000,0x0000003065500000)]
  0x0000017a708d6720 JavaThread "ForkJoinPool.commonPool-worker-13" daemon [_thread_blocked, id=18624, stack(0x0000003065600000,0x0000003065700000)]
  0x0000017a708d0c00 JavaThread "ForkJoinPool.commonPool-worker-14" daemon [_thread_blocked, id=9620, stack(0x000000305ff00000,0x0000003060000000)]
  0x0000017a757ae9c0 JavaThread "ForkJoinPool.commonPool-worker-15" daemon [_thread_blocked, id=11948, stack(0x0000003064500000,0x0000003064600000)]
  0x0000017a757b1c60 JavaThread "ForkJoinPool.commonPool-worker-16" daemon [_thread_blocked, id=23992, stack(0x000000305da00000,0x000000305db00000)]
  0x0000017a757aeed0 JavaThread "ForkJoinPool.commonPool-worker-17" daemon [_thread_blocked, id=5988, stack(0x0000003065800000,0x0000003065900000)]
  0x0000017a757ae4b0 JavaThread "included builds" [_thread_blocked, id=32244, stack(0x0000003065a00000,0x0000003065b00000)]
  0x0000017a757afe00 JavaThread "Execution worker" [_thread_blocked, id=33612, stack(0x0000003065b00000,0x0000003065c00000)]
  0x0000017a757af3e0 JavaThread "Execution worker Thread 2" [_thread_blocked, id=28888, stack(0x0000003065c00000,0x0000003065d00000)]
  0x0000017a757b2b90 JavaThread "Execution worker Thread 3" [_thread_blocked, id=25908, stack(0x0000003065d00000,0x0000003065e00000)]
  0x0000017a757b2170 JavaThread "Execution worker Thread 4" [_thread_blocked, id=27368, stack(0x0000003065e00000,0x0000003065f00000)]
  0x0000017a757b0310 JavaThread "Execution worker Thread 5" [_thread_blocked, id=33320, stack(0x0000003065f00000,0x0000003066000000)]
  0x0000017a757b0820 JavaThread "Execution worker Thread 6" [_thread_blocked, id=33580, stack(0x0000003066000000,0x0000003066100000)]
  0x0000017a757af8f0 JavaThread "Execution worker Thread 7" [_thread_blocked, id=14484, stack(0x0000003066100000,0x0000003066200000)]
  0x0000017a757b49f0 JavaThread "Execution worker Thread 8" [_thread_blocked, id=2008, stack(0x0000003066200000,0x0000003066300000)]
  0x0000017a757b30a0 JavaThread "Execution worker Thread 9" [_thread_blocked, id=33236, stack(0x0000003066300000,0x0000003066400000)]
  0x0000017a757adfa0 JavaThread "Execution worker Thread 10" [_thread_blocked, id=19168, stack(0x0000003066400000,0x0000003066500000)]
  0x0000017a757b0d30 JavaThread "Execution worker Thread 11" [_thread_blocked, id=23344, stack(0x0000003066500000,0x0000003066600000)]
  0x0000017a757b3ac0 JavaThread "Execution worker Thread 12" [_thread_blocked, id=15060, stack(0x0000003066600000,0x0000003066700000)]
  0x0000017a757b35b0 JavaThread "Execution worker Thread 13" [_thread_blocked, id=31736, stack(0x0000003066700000,0x0000003066800000)]
  0x0000017a757b3fd0 JavaThread "Execution worker Thread 14" [_thread_blocked, id=33504, stack(0x0000003066800000,0x0000003066900000)]
  0x0000017a757b1240 JavaThread "Execution worker Thread 15" [_thread_blocked, id=26004, stack(0x0000003066900000,0x0000003066a00000)]
  0x0000017a757b44e0 JavaThread "Execution worker Thread 16" [_thread_blocked, id=13932, stack(0x0000003066a00000,0x0000003066b00000)]
  0x0000017a757ad580 JavaThread "Execution worker Thread 17" [_thread_blocked, id=20096, stack(0x0000003066b00000,0x0000003066c00000)]
  0x0000017a757b4f00 JavaThread "Execution worker Thread 18" [_thread_blocked, id=33648, stack(0x0000003066c00000,0x0000003066d00000)]
  0x0000017a757ada90 JavaThread "Execution worker Thread 19" [_thread_blocked, id=26036, stack(0x0000003066d00000,0x0000003066e00000)]
  0x0000017a757b1750 JavaThread "Cache worker for execution history cache (C:\dev\eurekaMobile\node_modules\@react-native\gradle-plugin\.gradle\8.13\executionHistory)" [_thread_blocked, id=7464, stack(0x0000003066e00000,0x0000003066f00000)]
  0x0000017a79c3c9f0 JavaThread "Unconstrained build operations Thread 64" [_thread_blocked, id=12392, stack(0x0000003067000000,0x0000003067100000)]
  0x0000017a79c406b0 JavaThread "Unconstrained build operations Thread 65" [_thread_blocked, id=32712, stack(0x0000003067100000,0x0000003067200000)]
  0x0000017a79c3ed60 JavaThread "Unconstrained build operations Thread 66" [_thread_blocked, id=18244, stack(0x0000003067200000,0x0000003067300000)]
  0x0000017a79c40bc0 JavaThread "Unconstrained build operations Thread 67" [_thread_blocked, id=28940, stack(0x0000003067300000,0x0000003067400000)]
  0x0000017a79c401a0 JavaThread "Unconstrained build operations Thread 68" [_thread_blocked, id=27804, stack(0x0000003067400000,0x0000003067500000)]
  0x0000017a79c3f270 JavaThread "Unconstrained build operations Thread 69" [_thread_blocked, id=32076, stack(0x0000003067500000,0x0000003067600000)]
  0x0000017a79c3cf00 JavaThread "Unconstrained build operations Thread 70" [_thread_blocked, id=22752, stack(0x0000003067600000,0x0000003067700000)]
  0x0000017a79c3fc90 JavaThread "Unconstrained build operations Thread 71" [_thread_blocked, id=22796, stack(0x0000003067700000,0x0000003067800000)]
  0x0000017a79c3de30 JavaThread "Unconstrained build operations Thread 72" [_thread_blocked, id=22332, stack(0x0000003067800000,0x0000003067900000)]
  0x0000017a79c3e340 JavaThread "Unconstrained build operations Thread 73" [_thread_blocked, id=23308, stack(0x0000003067900000,0x0000003067a00000)]
  0x0000017a79c3f780 JavaThread "Unconstrained build operations Thread 74" [_thread_blocked, id=24132, stack(0x0000003067a00000,0x0000003067b00000)]
  0x0000017a79c43e60 JavaThread "Unconstrained build operations Thread 75" [_thread_blocked, id=26788, stack(0x0000003067b00000,0x0000003067c00000)]
  0x0000017a79c3e850 JavaThread "Unconstrained build operations Thread 76" [_thread_blocked, id=32500, stack(0x0000003067c00000,0x0000003067d00000)]
  0x0000017a79c415e0 JavaThread "Unconstrained build operations Thread 77" [_thread_blocked, id=32280, stack(0x0000003067d00000,0x0000003067e00000)]
  0x0000017a79c44370 JavaThread "Unconstrained build operations Thread 78" [_thread_blocked, id=16052, stack(0x0000003067e00000,0x0000003067f00000)]
  0x0000017a79c410d0 JavaThread "Unconstrained build operations Thread 79" [_thread_blocked, id=22220, stack(0x0000003067f00000,0x0000003068000000)]
  0x0000017a79c42000 JavaThread "Unconstrained build operations Thread 80" [_thread_blocked, id=27412, stack(0x0000003068000000,0x0000003068100000)]
  0x0000017a79c41af0 JavaThread "Unconstrained build operations Thread 81" [_thread_blocked, id=26092, stack(0x0000003068100000,0x0000003068200000)]
  0x0000017a79c3d920 JavaThread "Unconstrained build operations Thread 82" [_thread_blocked, id=23872, stack(0x0000003068200000,0x0000003068300000)]
  0x0000017a79c42510 JavaThread "Unconstrained build operations Thread 83" [_thread_blocked, id=25664, stack(0x0000003068300000,0x0000003068400000)]
  0x0000017a79c42a20 JavaThread "Unconstrained build operations Thread 84" [_thread_blocked, id=22396, stack(0x0000003068400000,0x0000003068500000)]
  0x0000017a79c3d410 JavaThread "Unconstrained build operations Thread 85" [_thread_blocked, id=33284, stack(0x0000003068500000,0x0000003068600000)]
  0x0000017a79c42f30 JavaThread "Unconstrained build operations Thread 86" [_thread_blocked, id=24284, stack(0x0000003068600000,0x0000003068700000)]
  0x0000017a79c43440 JavaThread "Unconstrained build operations Thread 87" [_thread_blocked, id=31004, stack(0x0000003068700000,0x0000003068800000)]
  0x0000017a79c43950 JavaThread "Unconstrained build operations Thread 88" [_thread_blocked, id=11664, stack(0x0000003068800000,0x0000003068900000)]
  0x0000017a79ce57e0 JavaThread "Unconstrained build operations Thread 89" [_thread_blocked, id=29900, stack(0x0000003068900000,0x0000003068a00000)]
  0x0000017a79ce1610 JavaThread "Unconstrained build operations Thread 90" [_thread_blocked, id=19152, stack(0x0000003068a00000,0x0000003068b00000)]
  0x0000017a79cde370 JavaThread "Unconstrained build operations Thread 91" [_thread_blocked, id=32772, stack(0x0000003068b00000,0x0000003068c00000)]
  0x0000017a79ce4dc0 JavaThread "Unconstrained build operations Thread 92" [_thread_blocked, id=33752, stack(0x0000003068c00000,0x0000003068d00000)]
  0x0000017a79ce1b20 JavaThread "Unconstrained build operations Thread 93" [_thread_blocked, id=32672, stack(0x0000003068d00000,0x0000003068e00000)]
  0x0000017a79ce1100 JavaThread "Unconstrained build operations Thread 94" [_thread_blocked, id=33192, stack(0x0000003068e00000,0x0000003068f00000)]
  0x0000017a79ce2f60 JavaThread "Unconstrained build operations Thread 95" [_thread_blocked, id=17988, stack(0x0000003068f00000,0x0000003069000000)]
  0x0000017a79ce3e90 JavaThread "Unconstrained build operations Thread 96" [_thread_blocked, id=20264, stack(0x0000003069000000,0x0000003069100000)]
  0x0000017a79cdf2a0 JavaThread "Unconstrained build operations Thread 97" [_thread_blocked, id=21604, stack(0x0000003069100000,0x0000003069200000)]
  0x0000017a79ce06e0 JavaThread "Unconstrained build operations Thread 98" [_thread_blocked, id=23972, stack(0x0000003069200000,0x0000003069300000)]
  0x0000017a79ce43a0 JavaThread "Unconstrained build operations Thread 99" [_thread_blocked, id=27916, stack(0x0000003069300000,0x0000003069400000)]
  0x0000017a79ce0bf0 JavaThread "Unconstrained build operations Thread 100" [_thread_blocked, id=11884, stack(0x0000003069400000,0x0000003069500000)]
  0x0000017a79ce2030 JavaThread "Unconstrained build operations Thread 101" [_thread_blocked, id=24812, stack(0x0000003069500000,0x0000003069600000)]
  0x0000017a79ce2540 JavaThread "Unconstrained build operations Thread 102" [_thread_blocked, id=17648, stack(0x0000003069600000,0x0000003069700000)]
  0x0000017a79ce48b0 JavaThread "Unconstrained build operations Thread 103" [_thread_blocked, id=25048, stack(0x0000003069700000,0x0000003069800000)]
  0x0000017a79ce52d0 JavaThread "Unconstrained build operations Thread 104" [_thread_blocked, id=29456, stack(0x0000003069800000,0x0000003069900000)]
  0x0000017a79ce2a50 JavaThread "Unconstrained build operations Thread 105" [_thread_blocked, id=32708, stack(0x0000003069900000,0x0000003069a00000)]
  0x0000017a79ce3980 JavaThread "Unconstrained build operations Thread 106" [_thread_blocked, id=25056, stack(0x0000003069a00000,0x0000003069b00000)]
  0x0000017a79ce3470 JavaThread "Unconstrained build operations Thread 107" [_thread_blocked, id=18752, stack(0x0000003069b00000,0x0000003069c00000)]
  0x0000017a79ce5cf0 JavaThread "Unconstrained build operations Thread 108" [_thread_blocked, id=25368, stack(0x0000003069c00000,0x0000003069d00000)]
  0x0000017a79ce01d0 JavaThread "Unconstrained build operations Thread 109" [_thread_blocked, id=15404, stack(0x0000003069d00000,0x0000003069e00000)]
  0x0000017a79cde880 JavaThread "Unconstrained build operations Thread 110" [_thread_blocked, id=10476, stack(0x0000003069e00000,0x0000003069f00000)]
  0x0000017a79cded90 JavaThread "Unconstrained build operations Thread 111" [_thread_blocked, id=26344, stack(0x000000306a000000,0x000000306a100000)]
  0x0000017a79cdfcc0 JavaThread "Unconstrained build operations Thread 112" [_thread_blocked, id=29204, stack(0x000000306a100000,0x000000306a200000)]
  0x0000017a79cdf7b0 JavaThread "Unconstrained build operations Thread 113" [_thread_blocked, id=22084, stack(0x000000306a200000,0x000000306a300000)]
  0x0000017a756d3ea0 JavaThread "Unconstrained build operations Thread 114" [_thread_blocked, id=30164, stack(0x000000306a300000,0x000000306a400000)]
  0x0000017a756d01e0 JavaThread "Unconstrained build operations Thread 115" [_thread_blocked, id=19220, stack(0x000000306a400000,0x000000306a500000)]
  0x0000017a756d3480 JavaThread "Unconstrained build operations Thread 116" [_thread_blocked, id=29244, stack(0x000000306a500000,0x000000306a600000)]
  0x0000017a756cf7c0 JavaThread "Unconstrained build operations Thread 117" [_thread_blocked, id=20860, stack(0x000000306a600000,0x000000306a700000)]
  0x0000017a756cfcd0 JavaThread "Unconstrained build operations Thread 118" [_thread_blocked, id=30612, stack(0x000000306a700000,0x000000306a800000)]
  0x0000017a756ce890 JavaThread "Unconstrained build operations Thread 119" [_thread_blocked, id=29812, stack(0x000000306a800000,0x000000306a900000)]
  0x0000017a756d2040 JavaThread "Unconstrained build operations Thread 120" [_thread_blocked, id=31604, stack(0x000000306a900000,0x000000306aa00000)]
  0x0000017a756cde70 JavaThread "Unconstrained build operations Thread 121" [_thread_blocked, id=20404, stack(0x000000306aa00000,0x000000306ab00000)]
  0x0000017a756d2550 JavaThread "Unconstrained build operations Thread 122" [_thread_blocked, id=2324, stack(0x000000306ab00000,0x000000306ac00000)]
  0x0000017a756d06f0 JavaThread "Unconstrained build operations Thread 123" [_thread_blocked, id=29628, stack(0x000000306ac00000,0x000000306ad00000)]
  0x0000017a756d1b30 JavaThread "Unconstrained build operations Thread 124" [_thread_blocked, id=24976, stack(0x000000306ad00000,0x000000306ae00000)]
  0x0000017a756d43b0 JavaThread "Unconstrained build operations Thread 125" [_thread_blocked, id=15256, stack(0x000000306ae00000,0x000000306af00000)]
  0x0000017a756ce380 JavaThread "Unconstrained build operations Thread 126" [_thread_blocked, id=30588, stack(0x000000306af00000,0x000000306b000000)]
  0x0000017a756d1110 JavaThread "Unconstrained build operations Thread 127" [_thread_blocked, id=14252, stack(0x000000306b000000,0x000000306b100000)]
  0x0000017a756d0c00 JavaThread "Unconstrained build operations Thread 128" [_thread_blocked, id=16368, stack(0x000000306b100000,0x000000306b200000)]
  0x0000017a756d2f70 JavaThread "Unconstrained build operations Thread 129" [_thread_blocked, id=28704, stack(0x000000306b200000,0x000000306b300000)]
  0x0000017a756d3990 JavaThread "Unconstrained build operations Thread 130" [_thread_blocked, id=32296, stack(0x000000306b300000,0x000000306b400000)]
  0x0000017a756d1620 JavaThread "Unconstrained build operations Thread 131" [_thread_blocked, id=11076, stack(0x000000306b400000,0x000000306b500000)]
  0x0000017a756d2a60 JavaThread "Unconstrained build operations Thread 132" [_thread_blocked, id=20052, stack(0x000000306b500000,0x000000306b600000)]
  0x0000017a756d52e0 JavaThread "Unconstrained build operations Thread 133" [_thread_blocked, id=22404, stack(0x000000306b600000,0x000000306b700000)]
  0x0000017a756d48c0 JavaThread "Unconstrained build operations Thread 134" [_thread_blocked, id=31964, stack(0x000000306b700000,0x000000306b800000)]
  0x0000017a756d4dd0 JavaThread "Unconstrained build operations Thread 135" [_thread_blocked, id=29928, stack(0x000000306b800000,0x000000306b900000)]
  0x0000017a756d57f0 JavaThread "Unconstrained build operations Thread 136" [_thread_blocked, id=30552, stack(0x000000306b900000,0x000000306ba00000)]
  0x0000017a756ceda0 JavaThread "Unconstrained build operations Thread 137" [_thread_blocked, id=28608, stack(0x000000306ba00000,0x000000306bb00000)]
  0x0000017a756cf2b0 JavaThread "Unconstrained build operations Thread 138" [_thread_blocked, id=14192, stack(0x000000306bb00000,0x000000306bc00000)]
  0x0000017a75dd0f00 JavaThread "Unconstrained build operations Thread 139" [_thread_blocked, id=12788, stack(0x000000306bc00000,0x000000306bd00000)]
  0x0000017a75dcc310 JavaThread "Unconstrained build operations Thread 140" [_thread_blocked, id=19872, stack(0x000000306bd00000,0x000000306be00000)]
  0x0000017a75dcd240 JavaThread "Unconstrained build operations Thread 141" [_thread_blocked, id=33492, stack(0x000000306be00000,0x000000306bf00000)]
  0x0000017a75dd2d60 JavaThread "Unconstrained build operations Thread 142" [_thread_blocked, id=11804, stack(0x000000306bf00000,0x000000306c000000)]
  0x0000017a75dd1e30 JavaThread "jar transforms Thread 2" [_thread_blocked, id=31436, stack(0x000000306c000000,0x000000306c100000)]
  0x0000017a75dceb90 JavaThread "jar transforms Thread 3" [_thread_blocked, id=24584, stack(0x000000306c100000,0x000000306c200000)]
  0x0000017a75dcfac0 JavaThread "Unconstrained build operations Thread 143" [_thread_blocked, id=21116, stack(0x000000306c400000,0x000000306c500000)]
  0x0000017a75dd2850 JavaThread "Unconstrained build operations Thread 144" [_thread_blocked, id=20376, stack(0x000000306c500000,0x000000306c600000)]
  0x0000017a75dcc820 JavaThread "Unconstrained build operations Thread 145" [_thread_blocked, id=14692, stack(0x000000306c600000,0x000000306c700000)]
  0x0000017a75dcdc60 JavaThread "Unconstrained build operations Thread 146" [_thread_blocked, id=17600, stack(0x000000306c700000,0x000000306c800000)]
  0x0000017a75dccd30 JavaThread "Unconstrained build operations Thread 147" [_thread_blocked, id=27104, stack(0x000000306c800000,0x000000306c900000)]
  0x0000017a75dcb8f0 JavaThread "Unconstrained build operations Thread 148" [_thread_blocked, id=33412, stack(0x000000306c900000,0x000000306ca00000)]
  0x0000017a75dd1410 JavaThread "Unconstrained build operations Thread 149" [_thread_blocked, id=25768, stack(0x000000306ca00000,0x000000306cb00000)]
  0x0000017a75dce170 JavaThread "Unconstrained build operations Thread 150" [_thread_blocked, id=29252, stack(0x000000306cb00000,0x000000306cc00000)]
  0x0000017a75dd3270 JavaThread "Unconstrained build operations Thread 151" [_thread_blocked, id=29548, stack(0x000000306cc00000,0x000000306cd00000)]
  0x0000017a75dcf0a0 JavaThread "Unconstrained build operations Thread 152" [_thread_blocked, id=32860, stack(0x000000306cd00000,0x000000306ce00000)]
  0x0000017a75dcf5b0 JavaThread "Unconstrained build operations Thread 153" [_thread_blocked, id=28836, stack(0x000000306ce00000,0x000000306cf00000)]
  0x0000017a75dd04e0 JavaThread "Unconstrained build operations Thread 154" [_thread_blocked, id=32784, stack(0x000000306cf00000,0x000000306d000000)]
  0x0000017a75dd1920 JavaThread "Unconstrained build operations Thread 155" [_thread_blocked, id=14316, stack(0x000000306d000000,0x000000306d100000)]
  0x0000017a75dcbe00 JavaThread "Unconstrained build operations Thread 156" [_thread_blocked, id=21676, stack(0x000000306d100000,0x000000306d200000)]
  0x0000017a75dd92a0 JavaThread "Unconstrained build operations Thread 157" [_thread_blocked, id=17440, stack(0x000000306d200000,0x000000306d300000)]
  0x0000017a75dd6f30 JavaThread "Unconstrained build operations Thread 158" [_thread_blocked, id=31296, stack(0x000000306d300000,0x000000306d400000)]
  0x0000017a75dda1d0 JavaThread "Unconstrained build operations Thread 159" [_thread_blocked, id=1744, stack(0x000000306d400000,0x000000306d500000)]
  0x0000017a75dda6e0 JavaThread "Unconstrained build operations Thread 160" [_thread_blocked, id=13488, stack(0x000000306d500000,0x000000306d600000)]
  0x0000017a75dd7440 JavaThread "Unconstrained build operations Thread 161" [_thread_blocked, id=20648, stack(0x000000306d600000,0x000000306d700000)]
  0x0000017a75dd3c90 JavaThread "Unconstrained build operations Thread 162" [_thread_blocked, id=23304, stack(0x000000306d700000,0x000000306d800000)]
  0x0000017a75dd6510 JavaThread "Unconstrained build operations Thread 163" [_thread_blocked, id=6908, stack(0x000000306d800000,0x000000306d900000)]
  0x0000017a75dd5af0 JavaThread "Unconstrained build operations Thread 164" [_thread_blocked, id=12988, stack(0x000000306d900000,0x000000306da00000)]
  0x0000017a75dd7950 JavaThread "Unconstrained build operations Thread 165" [_thread_blocked, id=31360, stack(0x000000306da00000,0x000000306db00000)]
  0x0000017a75dd9cc0 JavaThread "Unconstrained build operations Thread 166" [_thread_blocked, id=7724, stack(0x000000306db00000,0x000000306dc00000)]
  0x0000017a75ddabf0 JavaThread "Unconstrained build operations Thread 167" [_thread_blocked, id=17712, stack(0x000000306dc00000,0x000000306dd00000)]
  0x0000017a75dd7e60 JavaThread "Unconstrained build operations Thread 168" [_thread_blocked, id=7336, stack(0x000000306dd00000,0x000000306de00000)]
  0x0000017a75dd8d90 JavaThread "Unconstrained build operations Thread 169" [_thread_blocked, id=18580, stack(0x000000306de00000,0x000000306df00000)]
  0x0000017a75dd41a0 JavaThread "Unconstrained build operations Thread 170" [_thread_blocked, id=26976, stack(0x000000306df00000,0x000000306e000000)]
  0x0000017a75dd4bc0 JavaThread "Unconstrained build operations Thread 171" [_thread_blocked, id=21760, stack(0x000000306e000000,0x000000306e100000)]
  0x0000017a75dd46b0 JavaThread "Unconstrained build operations Thread 172" [_thread_blocked, id=1860, stack(0x000000306e100000,0x000000306e200000)]
  0x0000017a75dd6a20 JavaThread "Unconstrained build operations Thread 173" [_thread_blocked, id=27184, stack(0x000000306e200000,0x000000306e300000)]
  0x0000017a75dd8370 JavaThread "Unconstrained build operations Thread 174" [_thread_blocked, id=2844, stack(0x000000306e300000,0x000000306e400000)]
  0x0000017a75dd3780 JavaThread "Unconstrained build operations Thread 175" [_thread_blocked, id=18008, stack(0x000000306e400000,0x000000306e500000)]
  0x0000017a75ddb100 JavaThread "Unconstrained build operations Thread 176" [_thread_blocked, id=2360, stack(0x000000306e500000,0x000000306e600000)]
  0x0000017a75dd8880 JavaThread "Unconstrained build operations Thread 177" [_thread_blocked, id=33008, stack(0x000000306e600000,0x000000306e700000)]
  0x0000017a75dd50d0 JavaThread "Unconstrained build operations Thread 178" [_thread_blocked, id=31400, stack(0x000000306e700000,0x000000306e800000)]
  0x0000017a75dd97b0 JavaThread "Unconstrained build operations Thread 179" [_thread_blocked, id=20012, stack(0x000000306e800000,0x000000306e900000)]
  0x0000017a75dd55e0 JavaThread "Unconstrained build operations Thread 180" [_thread_blocked, id=21608, stack(0x000000306e900000,0x000000306ea00000)]
  0x0000017a75dd6000 JavaThread "Unconstrained build operations Thread 181" [_thread_blocked, id=4864, stack(0x000000306ea00000,0x000000306eb00000)]
  0x0000017a708d52e0 JavaThread "Unconstrained build operations Thread 182" [_thread_blocked, id=12884, stack(0x000000306eb00000,0x000000306ec00000)]
  0x0000017a708cf2b0 JavaThread "Unconstrained build operations Thread 183" [_thread_blocked, id=30372, stack(0x000000306ec00000,0x000000306ed00000)]
  0x0000017a70b4e690 JavaThread "Unconstrained build operations Thread 184" [_thread_blocked, id=14300, stack(0x000000306ed00000,0x000000306ee00000)]
  0x0000017a77868830 JavaThread "Unconstrained build operations Thread 185" [_thread_blocked, id=17284, stack(0x000000306ee00000,0x000000306ef00000)]
  0x0000017a776f0270 JavaThread "Unconstrained build operations Thread 186" [_thread_blocked, id=27284, stack(0x000000306ef00000,0x000000306f000000)]
  0x0000017a776f3510 JavaThread "Unconstrained build operations Thread 187" [_thread_blocked, id=32744, stack(0x000000306f000000,0x000000306f100000)]
  0x0000017a776f67b0 JavaThread "Unconstrained build operations Thread 188" [_thread_blocked, id=26480, stack(0x000000306f100000,0x000000306f200000)]
  0x0000017a776f4950 JavaThread "Unconstrained build operations Thread 189" [_thread_blocked, id=32444, stack(0x000000306f200000,0x000000306f300000)]
  0x0000017a776f16b0 JavaThread "Unconstrained build operations Thread 190" [_thread_blocked, id=22532, stack(0x000000306f300000,0x000000306f400000)]
  0x0000017a776f3000 JavaThread "Unconstrained build operations Thread 191" [_thread_blocked, id=12340, stack(0x000000306f400000,0x000000306f500000)]
  0x0000017a776f5370 JavaThread "Unconstrained build operations Thread 192" [_thread_blocked, id=17588, stack(0x000000306f500000,0x000000306f600000)]
  0x0000017a776f1bc0 JavaThread "Unconstrained build operations Thread 193" [_thread_blocked, id=24304, stack(0x000000306f600000,0x000000306f700000)]
  0x0000017a776f4e60 JavaThread "Unconstrained build operations Thread 194" [_thread_blocked, id=31388, stack(0x000000306f700000,0x000000306f800000)]
  0x0000017a776f3a20 JavaThread "Unconstrained build operations Thread 195" [_thread_blocked, id=17668, stack(0x000000306f800000,0x000000306f900000)]
  0x0000017a776f5880 JavaThread "Unconstrained build operations Thread 196" [_thread_blocked, id=31632, stack(0x000000306f900000,0x000000306fa00000)]
  0x0000017a776f3f30 JavaThread "Unconstrained build operations Thread 197" [_thread_blocked, id=18716, stack(0x000000306fa00000,0x000000306fb00000)]
  0x0000017a776ef850 JavaThread "Unconstrained build operations Thread 198" [_thread_blocked, id=22408, stack(0x000000306fb00000,0x000000306fc00000)]
  0x0000017a776f0780 JavaThread "Unconstrained build operations Thread 199" [_thread_blocked, id=31268, stack(0x000000306fc00000,0x000000306fd00000)]
  0x0000017a776f4440 JavaThread "Unconstrained build operations Thread 200" [_thread_blocked, id=30776, stack(0x000000306fd00000,0x000000306fe00000)]
  0x0000017a776f5d90 JavaThread "jar transforms Thread 4" [_thread_blocked, id=16712, stack(0x0000003070200000,0x0000003070300000)]
  0x0000017a776f2af0 JavaThread "jar transforms Thread 5" [_thread_blocked, id=24800, stack(0x0000003070300000,0x0000003070400000)]
  0x0000017a776f62a0 JavaThread "jar transforms Thread 6" [_thread_blocked, id=26112, stack(0x0000003070400000,0x0000003070500000)]
  0x0000017a776f8100 JavaThread "Problems report writer" [_thread_blocked, id=25212, stack(0x000000306fe00000,0x000000306ff00000)]
  0x0000017a776f0c90 JavaThread "build event listener" [_thread_blocked, id=31968, stack(0x000000306ff00000,0x0000003070000000)]
  0x0000017a776fa980 JavaThread "jar transforms Thread 7" [_thread_blocked, id=8000, stack(0x0000003069f00000,0x000000306a000000)]
  0x0000017a776fbdc0 JavaThread "jar transforms Thread 8" [_thread_blocked, id=7568, stack(0x0000003070000000,0x0000003070100000)]
  0x0000017a776fc7e0 JavaThread "jar transforms Thread 9" [_thread_blocked, id=18368, stack(0x0000003070700000,0x0000003070800000)]
  0x0000017a776fccf0 JavaThread "jar transforms Thread 10" [_thread_blocked, id=33040, stack(0x0000003070d00000,0x0000003070e00000)]
  0x0000017a776f9f60 JavaThread "jar transforms Thread 11" [_thread_blocked, id=17660, stack(0x0000003070e00000,0x0000003070f00000)]
  0x0000017a776f9a50 JavaThread "jar transforms Thread 12" [_thread_blocked, id=23728, stack(0x0000003070f00000,0x0000003071000000)]
  0x0000017a776f9030 JavaThread "jar transforms Thread 13" [_thread_blocked, id=18732, stack(0x0000003070b00000,0x0000003070c00000)]
  0x0000017a776fa470 JavaThread "jar transforms Thread 14" [_thread_blocked, id=25888, stack(0x0000003071300000,0x0000003071400000)]
  0x0000017a776fdc20 JavaThread "jar transforms Thread 15" [_thread_blocked, id=29320, stack(0x0000003071400000,0x0000003071500000)]
  0x0000017a7786b5c0 JavaThread "jar transforms Thread 16" [_thread_blocked, id=32124, stack(0x0000003071500000,0x0000003071600000)]
  0x0000017a77865080 JavaThread "jar transforms Thread 17" [_thread_blocked, id=10760, stack(0x0000003071600000,0x0000003071700000)]
  0x0000017a70b4d760 JavaThread "jar transforms Thread 18" [_thread_blocked, id=32220, stack(0x0000003071700000,0x0000003071800000)]
  0x0000017a7eecff30 JavaThread "Cache worker for execution history cache (C:\dev\eurekaMobile\android\.gradle\8.13\executionHistory)" [_thread_blocked, id=27396, stack(0x0000003071800000,0x0000003071900000)]
  0x0000017a7eed5f60 JavaThread "WorkerExecutor Queue" [_thread_in_vm, id=26580, stack(0x0000003070600000,0x0000003070700000)]
  0x0000017a7eecfa20 JavaThread "RMI Scheduler(0)" daemon [_thread_blocked, id=21188, stack(0x0000003071a00000,0x0000003071b00000)]
  0x0000017a7eed6470 JavaThread "RMI RenewClean-[127.0.0.1:17448,org.jetbrains.kotlin.daemon.common.LoopbackNetworkInterface$ClientLoopbackSocketFactory@7a69f41d]" daemon [_thread_blocked, id=33528, stack(0x0000003071b00000,0x0000003071c00000)]
  0x0000017a7eed5540 JavaThread "RMI GC Daemon" daemon [_thread_blocked, id=29068, stack(0x0000003071c00000,0x0000003071d00000)]
  0x0000017a7eed22a0 JavaThread "RMI TCP Accept-0" daemon [_thread_in_native, id=30060, stack(0x0000003071d00000,0x0000003071e00000)]
  0x0000017a7eed4b20 JavaThread "RMI Reaper" [_thread_blocked, id=5736, stack(0x0000003071e00000,0x0000003071f00000)]
  0x0000017a7eed1370 JavaThread "RMI TCP Connection(idle)" daemon [_thread_blocked, id=24808, stack(0x0000003071f00000,0x0000003072000000)]
  0x0000017a7eed5030 JavaThread "Exec process" [_thread_in_native, id=22092, stack(0x000000305d900000,0x000000305da00000)]
  0x0000017a7eecf510 JavaThread "Exec process Thread 2" [_thread_in_native, id=18488, stack(0x0000003071200000,0x0000003071300000)]
  0x0000017a7eed6e90 JavaThread "Exec process Thread 3" [_thread_in_native, id=7960, stack(0x0000003071900000,0x0000003071a00000)]
  0x0000017a76a89080 JavaThread "C2 CompilerThread1" daemon [_thread_in_native, id=23656, stack(0x000000305c300000,0x000000305c400000)]
  0x0000017a76a8bb00 JavaThread "C2 CompilerThread2" daemon [_thread_in_native, id=20108, stack(0x000000305c400000,0x000000305c500000)]
  0x0000017a7e6669f0 JavaThread "C2 CompilerThread3" daemon [_thread_in_native, id=31524, stack(0x000000305c500000,0x000000305c600000)]

Other Threads:
  0x0000017a54c9b7c0 VMThread "VM Thread" [stack: 0x000000305cc00000,0x000000305cd00000] [id=29688]
  0x0000017a35b31e40 WatcherThread [stack: 0x000000305dd00000,0x000000305de00000] [id=27748]
  0x0000017a35ae2f00 GCTaskThread "GC Thread#0" [stack: 0x000000305c700000,0x000000305c800000] [id=32176]
  0x0000017a709919a0 GCTaskThread "GC Thread#1" [stack: 0x000000305e200000,0x000000305e300000] [id=14884]
  0x0000017a704ce850 GCTaskThread "GC Thread#2" [stack: 0x000000305e300000,0x000000305e400000] [id=14160]
  0x0000017a7061a1b0 GCTaskThread "GC Thread#3" [stack: 0x000000305e400000,0x000000305e500000] [id=31056]
  0x0000017a7082f060 GCTaskThread "GC Thread#4" [stack: 0x000000305e500000,0x000000305e600000] [id=912]
  0x0000017a706d5990 GCTaskThread "GC Thread#5" [stack: 0x000000305e600000,0x000000305e700000] [id=4512]
  0x0000017a773238c0 GCTaskThread "GC Thread#6" [stack: 0x000000305f200000,0x000000305f300000] [id=27364]
  0x0000017a772443b0 GCTaskThread "GC Thread#7" [stack: 0x000000305f300000,0x000000305f400000] [id=33308]
  0x0000017a786e9b20 GCTaskThread "GC Thread#8" [stack: 0x000000305f400000,0x000000305f500000] [id=7192]
  0x0000017a786e9de0 GCTaskThread "GC Thread#9" [stack: 0x000000305f500000,0x000000305f600000] [id=16932]
  0x0000017a7864ddc0 GCTaskThread "GC Thread#10" [stack: 0x000000305f600000,0x000000305f700000] [id=33564]
  0x0000017a7864d2c0 GCTaskThread "GC Thread#11" [stack: 0x000000305f700000,0x000000305f800000] [id=21892]
  0x0000017a7864d580 GCTaskThread "GC Thread#12" [stack: 0x000000305f800000,0x000000305f900000] [id=25724]
  0x0000017a7864e080 GCTaskThread "GC Thread#13" [stack: 0x000000305f900000,0x000000305fa00000] [id=27452]
  0x0000017a7864e600 GCTaskThread "GC Thread#14" [stack: 0x000000305fa00000,0x000000305fb00000] [id=26380]
  0x0000017a35af3e50 ConcurrentGCThread "G1 Main Marker" [stack: 0x000000305c800000,0x000000305c900000] [id=28800]
  0x0000017a35af5000 ConcurrentGCThread "G1 Conc#0" [stack: 0x000000305c900000,0x000000305ca00000] [id=20932]
  0x0000017a7864d840 ConcurrentGCThread "G1 Conc#1" [stack: 0x000000305fb00000,0x000000305fc00000] [id=27112]
  0x0000017a7864db00 ConcurrentGCThread "G1 Conc#2" [stack: 0x000000305fc00000,0x000000305fd00000] [id=8156]
  0x0000017a7864e340 ConcurrentGCThread "G1 Conc#3" [stack: 0x000000305fd00000,0x000000305fe00000] [id=19776]
  0x0000017a54bd8b50 ConcurrentGCThread "G1 Refine#0" [stack: 0x000000305ca00000,0x000000305cb00000] [id=10824]
  0x0000017a7c3e5c20 ConcurrentGCThread "G1 Refine#1" [stack: 0x0000003070800000,0x0000003070900000] [id=31560]
  0x0000017a7c3e64f0 ConcurrentGCThread "G1 Refine#2" [stack: 0x0000003070900000,0x0000003070a00000] [id=14156]
  0x0000017a7c3e6dc0 ConcurrentGCThread "G1 Refine#3" [stack: 0x0000003070a00000,0x0000003070b00000] [id=15568]
  0x0000017a54bd9580 ConcurrentGCThread "G1 Service" [stack: 0x000000305cb00000,0x000000305cc00000] [id=20948]

Threads with active compile tasks:
C2 CompilerThread0    74983 21200       4       org.gradle.internal.logging.text.AbstractLineChoppingStyledTextOutput$1::execute (9 bytes)
C1 CompilerThread0    74984 21220       3       org.gradle.internal.logging.text.AbstractLineChoppingStyledTextOutput$StateContext::flushLineText (113 bytes)
C2 CompilerThread1    74984 21209       4       org.gradle.internal.logging.text.AbstractLineChoppingStyledTextOutput::doAppend (43 bytes)
C2 CompilerThread2    74985 21202       4       org.gradle.internal.logging.text.AbstractLineChoppingStyledTextOutput$2::execute (77 bytes)
C2 CompilerThread3    74985 21201       4       org.gradle.internal.logging.text.AbstractLineChoppingStyledTextOutput$1::execute (140 bytes)

VM state: not at safepoint (normal execution)

VM Mutex/Monitor currently owned by a thread:  ([mutex/lock_event])
[0x0000017a35a83820] Metaspace_lock - owner thread: 0x0000017a7eed5f60

Heap address: 0x0000000080000000, size: 2048 MB, Compressed Oops mode: 32-bit

CDS archive(s) mapped at: [0x0000017a55000000-0x0000017a55bd0000-0x0000017a55bd0000), size 12386304, SharedBaseAddress: 0x0000017a55000000, ArchiveRelocationMode: 1.
Compressed class space mapped at: 0x0000017a56000000-0x0000017a70000000, reserved size: 436207616
Narrow klass base: 0x0000017a55000000, Narrow klass shift: 0, Narrow klass range: 0x100000000

GC Precious Log:
 CPUs: 20 total, 20 available
 Memory: 15901M
 Large Page Support: Disabled
 NUMA Support: Disabled
 Compressed Oops: Enabled (32-bit)
 Heap Region Size: 1M
 Heap Min Capacity: 8M
 Heap Initial Capacity: 250M
 Heap Max Capacity: 2G
 Pre-touch: Disabled
 Parallel Workers: 15
 Concurrent Workers: 4
 Concurrent Refinement Workers: 15
 Periodic GC: Disabled

Heap:
 garbage-first heap   total 462848K, used 296546K [0x0000000080000000, 0x0000000100000000)
  region size 1024K, 42 young (43008K), 7 survivors (7168K)
 Metaspace       used 125093K, committed 126592K, reserved 557056K
  class space    used 17200K, committed 17920K, reserved 425984K

Heap Regions: E=young(eden), S=young(survivor), O=old, HS=humongous(starts), HC=humongous(continues), CS=collection set, F=free, OA=open archive, CA=closed archive, TAMS=top-at-mark-start (previous, next)
|   0|0x0000000080000000, 0x0000000080100000, 0x0000000080100000|100%|HS|  |TAMS 0x0000000080100000, 0x0000000080000000| Complete 
|   1|0x0000000080100000, 0x0000000080200000, 0x0000000080200000|100%|HC|  |TAMS 0x0000000080200000, 0x0000000080100000| Complete 
|   2|0x0000000080200000, 0x0000000080300000, 0x0000000080300000|100%|HC|  |TAMS 0x0000000080300000, 0x0000000080200000| Complete 
|   3|0x0000000080300000, 0x0000000080400000, 0x0000000080400000|100%| O|  |TAMS 0x0000000080400000, 0x0000000080300000| Untracked 
|   4|0x0000000080400000, 0x0000000080500000, 0x0000000080500000|100%| O|  |TAMS 0x0000000080500000, 0x0000000080400000| Untracked 
|   5|0x0000000080500000, 0x0000000080600000, 0x0000000080600000|100%| O|  |TAMS 0x0000000080600000, 0x0000000080500000| Untracked 
|   6|0x0000000080600000, 0x0000000080700000, 0x0000000080700000|100%|HS|  |TAMS 0x0000000080700000, 0x0000000080600000| Complete 
|   7|0x0000000080700000, 0x0000000080800000, 0x0000000080800000|100%| O|  |TAMS 0x0000000080800000, 0x0000000080700000| Untracked 
|   8|0x0000000080800000, 0x0000000080900000, 0x0000000080900000|100%| O|  |TAMS 0x0000000080900000, 0x0000000080800000| Untracked 
|   9|0x0000000080900000, 0x0000000080a00000, 0x0000000080a00000|100%| O|  |TAMS 0x0000000080a00000, 0x0000000080900000| Untracked 
|  10|0x0000000080a00000, 0x0000000080b00000, 0x0000000080b00000|100%| O|  |TAMS 0x0000000080b00000, 0x0000000080a00000| Untracked 
|  11|0x0000000080b00000, 0x0000000080c00000, 0x0000000080c00000|100%| O|  |TAMS 0x0000000080c00000, 0x0000000080b00000| Untracked 
|  12|0x0000000080c00000, 0x0000000080d00000, 0x0000000080d00000|100%|HS|  |TAMS 0x0000000080d00000, 0x0000000080c00000| Complete 
|  13|0x0000000080d00000, 0x0000000080e00000, 0x0000000080e00000|100%| O|  |TAMS 0x0000000080e00000, 0x0000000080d00000| Untracked 
|  14|0x0000000080e00000, 0x0000000080f00000, 0x0000000080f00000|100%| O|  |TAMS 0x0000000080f00000, 0x0000000080e00000| Untracked 
|  15|0x0000000080f00000, 0x0000000081000000, 0x0000000081000000|100%| O|  |TAMS 0x0000000081000000, 0x0000000080f00000| Untracked 
|  16|0x0000000081000000, 0x0000000081100000, 0x0000000081100000|100%| O|  |TAMS 0x0000000081100000, 0x0000000081000000| Untracked 
|  17|0x0000000081100000, 0x0000000081200000, 0x0000000081200000|100%| O|  |TAMS 0x0000000081200000, 0x0000000081100000| Untracked 
|  18|0x0000000081200000, 0x0000000081300000, 0x0000000081300000|100%| O|  |TAMS 0x0000000081300000, 0x0000000081200000| Untracked 
|  19|0x0000000081300000, 0x0000000081400000, 0x0000000081400000|100%| O|  |TAMS 0x0000000081400000, 0x0000000081300000| Untracked 
|  20|0x0000000081400000, 0x0000000081500000, 0x0000000081500000|100%| O|  |TAMS 0x0000000081500000, 0x0000000081400000| Untracked 
|  21|0x0000000081500000, 0x0000000081600000, 0x0000000081600000|100%| O|  |TAMS 0x0000000081600000, 0x0000000081500000| Untracked 
|  22|0x0000000081600000, 0x0000000081700000, 0x0000000081700000|100%| O|  |TAMS 0x0000000081700000, 0x0000000081600000| Untracked 
|  23|0x0000000081700000, 0x0000000081800000, 0x0000000081800000|100%| O|  |TAMS 0x0000000081800000, 0x0000000081700000| Untracked 
|  24|0x0000000081800000, 0x0000000081900000, 0x0000000081900000|100%| O|  |TAMS 0x0000000081900000, 0x0000000081800000| Untracked 
|  25|0x0000000081900000, 0x0000000081a00000, 0x0000000081a00000|100%| O|  |TAMS 0x0000000081a00000, 0x0000000081900000| Untracked 
|  26|0x0000000081a00000, 0x0000000081b00000, 0x0000000081b00000|100%|HS|  |TAMS 0x0000000081b00000, 0x0000000081a00000| Complete 
|  27|0x0000000081b00000, 0x0000000081c00000, 0x0000000081c00000|100%| O|  |TAMS 0x0000000081c00000, 0x0000000081b00000| Untracked 
|  28|0x0000000081c00000, 0x0000000081d00000, 0x0000000081d00000|100%| O|  |TAMS 0x0000000081d00000, 0x0000000081c00000| Untracked 
|  29|0x0000000081d00000, 0x0000000081e00000, 0x0000000081e00000|100%| O|  |TAMS 0x0000000081e00000, 0x0000000081d00000| Untracked 
|  30|0x0000000081e00000, 0x0000000081f00000, 0x0000000081f00000|100%| O|  |TAMS 0x0000000081f00000, 0x0000000081e00000| Untracked 
|  31|0x0000000081f00000, 0x0000000082000000, 0x0000000082000000|100%| O|  |TAMS 0x0000000082000000, 0x0000000081f00000| Untracked 
|  32|0x0000000082000000, 0x0000000082100000, 0x0000000082100000|100%| O|  |TAMS 0x0000000082100000, 0x0000000082000000| Untracked 
|  33|0x0000000082100000, 0x0000000082200000, 0x0000000082200000|100%| O|  |TAMS 0x0000000082200000, 0x0000000082100000| Untracked 
|  34|0x0000000082200000, 0x0000000082300000, 0x0000000082300000|100%| O|  |TAMS 0x0000000082300000, 0x0000000082200000| Untracked 
|  35|0x0000000082300000, 0x0000000082400000, 0x0000000082400000|100%| O|  |TAMS 0x0000000082400000, 0x0000000082300000| Untracked 
|  36|0x0000000082400000, 0x0000000082500000, 0x0000000082500000|100%| O|  |TAMS 0x0000000082500000, 0x0000000082400000| Untracked 
|  37|0x0000000082500000, 0x0000000082600000, 0x0000000082600000|100%|HS|  |TAMS 0x0000000082600000, 0x0000000082500000| Complete 
|  38|0x0000000082600000, 0x0000000082700000, 0x0000000082700000|100%|HC|  |TAMS 0x0000000082700000, 0x0000000082600000| Complete 
|  39|0x0000000082700000, 0x0000000082800000, 0x0000000082800000|100%|HS|  |TAMS 0x0000000082800000, 0x0000000082700000| Complete 
|  40|0x0000000082800000, 0x0000000082900000, 0x0000000082900000|100%|HC|  |TAMS 0x0000000082900000, 0x0000000082800000| Complete 
|  41|0x0000000082900000, 0x0000000082a00000, 0x0000000082a00000|100%|HC|  |TAMS 0x0000000082a00000, 0x0000000082900000| Complete 
|  42|0x0000000082a00000, 0x0000000082b00000, 0x0000000082b00000|100%|HS|  |TAMS 0x0000000082b00000, 0x0000000082a00000| Complete 
|  43|0x0000000082b00000, 0x0000000082c00000, 0x0000000082c00000|100%|HC|  |TAMS 0x0000000082c00000, 0x0000000082b00000| Complete 
|  44|0x0000000082c00000, 0x0000000082d00000, 0x0000000082d00000|100%| O|  |TAMS 0x0000000082d00000, 0x0000000082c00000| Untracked 
|  45|0x0000000082d00000, 0x0000000082e00000, 0x0000000082e00000|100%| O|  |TAMS 0x0000000082e00000, 0x0000000082d00000| Untracked 
|  46|0x0000000082e00000, 0x0000000082f00000, 0x0000000082f00000|100%| O|  |TAMS 0x0000000082f00000, 0x0000000082e00000| Untracked 
|  47|0x0000000082f00000, 0x0000000083000000, 0x0000000083000000|100%| O|  |TAMS 0x0000000083000000, 0x0000000082f00000| Untracked 
|  48|0x0000000083000000, 0x0000000083100000, 0x0000000083100000|100%| O|  |TAMS 0x0000000083100000, 0x0000000083000000| Untracked 
|  49|0x0000000083100000, 0x0000000083200000, 0x0000000083200000|100%| O|  |TAMS 0x0000000083200000, 0x0000000083100000| Untracked 
|  50|0x0000000083200000, 0x0000000083300000, 0x0000000083300000|100%| O|  |TAMS 0x0000000083300000, 0x0000000083200000| Complete 
|  51|0x0000000083300000, 0x0000000083400000, 0x0000000083400000|100%| O|  |TAMS 0x0000000083400000, 0x0000000083300000| Untracked 
|  52|0x0000000083400000, 0x0000000083500000, 0x0000000083500000|100%| O|  |TAMS 0x0000000083500000, 0x0000000083400000| Untracked 
|  53|0x0000000083500000, 0x0000000083600000, 0x0000000083600000|100%| O|  |TAMS 0x0000000083600000, 0x0000000083500000| Untracked 
|  54|0x0000000083600000, 0x0000000083700000, 0x0000000083700000|100%| O|  |TAMS 0x0000000083700000, 0x0000000083600000| Untracked 
|  55|0x0000000083700000, 0x0000000083800000, 0x0000000083800000|100%|HS|  |TAMS 0x0000000083800000, 0x0000000083700000| Complete 
|  56|0x0000000083800000, 0x0000000083900000, 0x0000000083900000|100%|HC|  |TAMS 0x0000000083900000, 0x0000000083800000| Complete 
|  57|0x0000000083900000, 0x0000000083a00000, 0x0000000083a00000|100%|HC|  |TAMS 0x0000000083a00000, 0x0000000083900000| Complete 
|  58|0x0000000083a00000, 0x0000000083b00000, 0x0000000083b00000|100%| O|  |TAMS 0x0000000083b00000, 0x0000000083a00000| Untracked 
|  59|0x0000000083b00000, 0x0000000083c00000, 0x0000000083c00000|100%| O|  |TAMS 0x0000000083c00000, 0x0000000083b00000| Untracked 
|  60|0x0000000083c00000, 0x0000000083d00000, 0x0000000083d00000|100%| O|  |TAMS 0x0000000083d00000, 0x0000000083c00000| Untracked 
|  61|0x0000000083d00000, 0x0000000083e00000, 0x0000000083e00000|100%| O|  |TAMS 0x0000000083e00000, 0x0000000083d00000| Untracked 
|  62|0x0000000083e00000, 0x0000000083f00000, 0x0000000083f00000|100%| O|  |TAMS 0x0000000083f00000, 0x0000000083e00000| Untracked 
|  63|0x0000000083f00000, 0x0000000084000000, 0x0000000084000000|100%| O|  |TAMS 0x0000000084000000, 0x0000000083f00000| Untracked 
|  64|0x0000000084000000, 0x0000000084000000, 0x0000000084100000|  0%| F|  |TAMS 0x0000000084000000, 0x0000000084000000| Untracked 
|  65|0x0000000084100000, 0x0000000084200000, 0x0000000084200000|100%| O|  |TAMS 0x0000000084200000, 0x0000000084100000| Untracked 
|  66|0x0000000084200000, 0x0000000084300000, 0x0000000084300000|100%| O|  |TAMS 0x0000000084300000, 0x0000000084200000| Untracked 
|  67|0x0000000084300000, 0x0000000084400000, 0x0000000084400000|100%| O|  |TAMS 0x0000000084400000, 0x0000000084300000| Untracked 
|  68|0x0000000084400000, 0x0000000084500000, 0x0000000084500000|100%| O|  |TAMS 0x0000000084500000, 0x0000000084400000| Untracked 
|  69|0x0000000084500000, 0x0000000084600000, 0x0000000084600000|100%| O|  |TAMS 0x0000000084600000, 0x0000000084500000| Untracked 
|  70|0x0000000084600000, 0x0000000084700000, 0x0000000084700000|100%| O|  |TAMS 0x0000000084700000, 0x0000000084600000| Untracked 
|  71|0x0000000084700000, 0x0000000084800000, 0x0000000084800000|100%| O|  |TAMS 0x0000000084800000, 0x0000000084700000| Untracked 
|  72|0x0000000084800000, 0x0000000084900000, 0x0000000084900000|100%| O|  |TAMS 0x0000000084900000, 0x0000000084800000| Untracked 
|  73|0x0000000084900000, 0x0000000084a00000, 0x0000000084a00000|100%| O|  |TAMS 0x0000000084a00000, 0x0000000084900000| Untracked 
|  74|0x0000000084a00000, 0x0000000084b00000, 0x0000000084b00000|100%| O|  |TAMS 0x0000000084b00000, 0x0000000084a00000| Untracked 
|  75|0x0000000084b00000, 0x0000000084c00000, 0x0000000084c00000|100%|HS|  |TAMS 0x0000000084c00000, 0x0000000084b00000| Complete 
|  76|0x0000000084c00000, 0x0000000084d00000, 0x0000000084d00000|100%|HS|  |TAMS 0x0000000084d00000, 0x0000000084c00000| Complete 
|  77|0x0000000084d00000, 0x0000000084e00000, 0x0000000084e00000|100%| O|  |TAMS 0x0000000084e00000, 0x0000000084d00000| Untracked 
|  78|0x0000000084e00000, 0x0000000084f00000, 0x0000000084f00000|100%|HS|  |TAMS 0x0000000084f00000, 0x0000000084e00000| Complete 
|  79|0x0000000084f00000, 0x0000000085000000, 0x0000000085000000|100%|HS|  |TAMS 0x0000000085000000, 0x0000000084f00000| Complete 
|  80|0x0000000085000000, 0x0000000085100000, 0x0000000085100000|100%| O|  |TAMS 0x0000000085100000, 0x0000000085000000| Untracked 
|  81|0x0000000085100000, 0x0000000085200000, 0x0000000085200000|100%| O|  |TAMS 0x0000000085200000, 0x0000000085100000| Untracked 
|  82|0x0000000085200000, 0x0000000085300000, 0x0000000085300000|100%| O|  |TAMS 0x0000000085300000, 0x0000000085200000| Untracked 
|  83|0x0000000085300000, 0x0000000085400000, 0x0000000085400000|100%| O|  |TAMS 0x0000000085400000, 0x0000000085300000| Untracked 
|  84|0x0000000085400000, 0x0000000085500000, 0x0000000085500000|100%| O|  |TAMS 0x0000000085500000, 0x0000000085400000| Untracked 
|  85|0x0000000085500000, 0x0000000085600000, 0x0000000085600000|100%| O|  |TAMS 0x0000000085600000, 0x0000000085500000| Untracked 
|  86|0x0000000085600000, 0x0000000085700000, 0x0000000085700000|100%|HS|  |TAMS 0x0000000085700000, 0x0000000085600000| Complete 
|  87|0x0000000085700000, 0x0000000085800000, 0x0000000085800000|100%|HC|  |TAMS 0x0000000085800000, 0x0000000085700000| Complete 
|  88|0x0000000085800000, 0x0000000085900000, 0x0000000085900000|100%| O|  |TAMS 0x0000000085900000, 0x0000000085800000| Untracked 
|  89|0x0000000085900000, 0x0000000085a00000, 0x0000000085a00000|100%|HS|  |TAMS 0x0000000085a00000, 0x0000000085900000| Complete 
|  90|0x0000000085a00000, 0x0000000085b00000, 0x0000000085b00000|100%| O|  |TAMS 0x0000000085b00000, 0x0000000085a00000| Untracked 
|  91|0x0000000085b00000, 0x0000000085c00000, 0x0000000085c00000|100%| O|  |TAMS 0x0000000085c00000, 0x0000000085b00000| Untracked 
|  92|0x0000000085c00000, 0x0000000085d00000, 0x0000000085d00000|100%| O|  |TAMS 0x0000000085d00000, 0x0000000085c00000| Untracked 
|  93|0x0000000085d00000, 0x0000000085e00000, 0x0000000085e00000|100%| O|  |TAMS 0x0000000085e00000, 0x0000000085d00000| Untracked 
|  94|0x0000000085e00000, 0x0000000085f00000, 0x0000000085f00000|100%| O|  |TAMS 0x0000000085f00000, 0x0000000085e00000| Untracked 
|  95|0x0000000085f00000, 0x0000000085f00000, 0x0000000086000000|  0%| F|  |TAMS 0x0000000085f00000, 0x0000000085f00000| Untracked 
|  96|0x0000000086000000, 0x0000000086000000, 0x0000000086100000|  0%| F|  |TAMS 0x0000000086000000, 0x0000000086000000| Untracked 
|  97|0x0000000086100000, 0x0000000086200000, 0x0000000086200000|100%| O|  |TAMS 0x0000000086200000, 0x0000000086100000| Untracked 
|  98|0x0000000086200000, 0x0000000086300000, 0x0000000086300000|100%| O|  |TAMS 0x0000000086300000, 0x0000000086200000| Untracked 
|  99|0x0000000086300000, 0x0000000086400000, 0x0000000086400000|100%| O|  |TAMS 0x0000000086400000, 0x0000000086300000| Untracked 
| 100|0x0000000086400000, 0x0000000086500000, 0x0000000086500000|100%| O|  |TAMS 0x0000000086500000, 0x0000000086400000| Untracked 
| 101|0x0000000086500000, 0x0000000086600000, 0x0000000086600000|100%| O|  |TAMS 0x0000000086600000, 0x0000000086500000| Untracked 
| 102|0x0000000086600000, 0x0000000086700000, 0x0000000086700000|100%| O|  |TAMS 0x0000000086700000, 0x0000000086600000| Untracked 
| 103|0x0000000086700000, 0x0000000086800000, 0x0000000086800000|100%| O|  |TAMS 0x0000000086800000, 0x0000000086700000| Untracked 
| 104|0x0000000086800000, 0x0000000086900000, 0x0000000086900000|100%| O|  |TAMS 0x0000000086900000, 0x0000000086800000| Untracked 
| 105|0x0000000086900000, 0x0000000086a00000, 0x0000000086a00000|100%| O|  |TAMS 0x0000000086a00000, 0x0000000086900000| Untracked 
| 106|0x0000000086a00000, 0x0000000086b00000, 0x0000000086b00000|100%| O|  |TAMS 0x0000000086b00000, 0x0000000086a00000| Untracked 
| 107|0x0000000086b00000, 0x0000000086c00000, 0x0000000086c00000|100%| O|  |TAMS 0x0000000086c00000, 0x0000000086b00000| Untracked 
| 108|0x0000000086c00000, 0x0000000086d00000, 0x0000000086d00000|100%| O|  |TAMS 0x0000000086d00000, 0x0000000086c00000| Untracked 
| 109|0x0000000086d00000, 0x0000000086e00000, 0x0000000086e00000|100%| O|  |TAMS 0x0000000086e00000, 0x0000000086d00000| Untracked 
| 110|0x0000000086e00000, 0x0000000086f00000, 0x0000000086f00000|100%| O|  |TAMS 0x0000000086f00000, 0x0000000086e00000| Untracked 
| 111|0x0000000086f00000, 0x0000000087000000, 0x0000000087000000|100%| O|  |TAMS 0x0000000087000000, 0x0000000086f00000| Untracked 
| 112|0x0000000087000000, 0x0000000087100000, 0x0000000087100000|100%| O|  |TAMS 0x0000000087100000, 0x0000000087000000| Untracked 
| 113|0x0000000087100000, 0x0000000087200000, 0x0000000087200000|100%| O|  |TAMS 0x0000000087200000, 0x0000000087100000| Untracked 
| 114|0x0000000087200000, 0x0000000087300000, 0x0000000087300000|100%| O|  |TAMS 0x0000000087300000, 0x0000000087200000| Untracked 
| 115|0x0000000087300000, 0x0000000087400000, 0x0000000087400000|100%| O|  |TAMS 0x0000000087400000, 0x0000000087300000| Untracked 
| 116|0x0000000087400000, 0x0000000087500000, 0x0000000087500000|100%| O|  |TAMS 0x0000000087500000, 0x0000000087400000| Untracked 
| 117|0x0000000087500000, 0x0000000087600000, 0x0000000087600000|100%| O|  |TAMS 0x0000000087600000, 0x0000000087500000| Untracked 
| 118|0x0000000087600000, 0x0000000087700000, 0x0000000087700000|100%| O|  |TAMS 0x0000000087700000, 0x0000000087600000| Untracked 
| 119|0x0000000087700000, 0x0000000087800000, 0x0000000087800000|100%| O|  |TAMS 0x0000000087800000, 0x0000000087700000| Untracked 
| 120|0x0000000087800000, 0x0000000087900000, 0x0000000087900000|100%| O|  |TAMS 0x0000000087900000, 0x0000000087800000| Untracked 
| 121|0x0000000087900000, 0x0000000087a00000, 0x0000000087a00000|100%| O|  |TAMS 0x0000000087a00000, 0x0000000087900000| Untracked 
| 122|0x0000000087a00000, 0x0000000087b00000, 0x0000000087b00000|100%| O|  |TAMS 0x0000000087b00000, 0x0000000087a00000| Untracked 
| 123|0x0000000087b00000, 0x0000000087c00000, 0x0000000087c00000|100%| O|  |TAMS 0x0000000087c00000, 0x0000000087b00000| Complete 
| 124|0x0000000087c00000, 0x0000000087d00000, 0x0000000087d00000|100%| O|  |TAMS 0x0000000087d00000, 0x0000000087c00000| Untracked 
| 125|0x0000000087d00000, 0x0000000087e00000, 0x0000000087e00000|100%| O|  |TAMS 0x0000000087e00000, 0x0000000087d00000| Complete 
| 126|0x0000000087e00000, 0x0000000087f00000, 0x0000000087f00000|100%|HS|  |TAMS 0x0000000087f00000, 0x0000000087e00000| Complete 
| 127|0x0000000087f00000, 0x0000000088000000, 0x0000000088000000|100%|HS|  |TAMS 0x0000000088000000, 0x0000000087f00000| Complete 
| 128|0x0000000088000000, 0x0000000088100000, 0x0000000088100000|100%|HS|  |TAMS 0x0000000088100000, 0x0000000088000000| Complete 
| 129|0x0000000088100000, 0x0000000088200000, 0x0000000088200000|100%|HC|  |TAMS 0x0000000088200000, 0x0000000088100000| Complete 
| 130|0x0000000088200000, 0x0000000088300000, 0x0000000088300000|100%| O|  |TAMS 0x0000000088300000, 0x0000000088200000| Untracked 
| 131|0x0000000088300000, 0x0000000088400000, 0x0000000088400000|100%| O|  |TAMS 0x0000000088400000, 0x0000000088300000| Untracked 
| 132|0x0000000088400000, 0x0000000088500000, 0x0000000088500000|100%| O|  |TAMS 0x0000000088500000, 0x0000000088400000| Untracked 
| 133|0x0000000088500000, 0x0000000088600000, 0x0000000088600000|100%| O|  |TAMS 0x0000000088600000, 0x0000000088500000| Untracked 
| 134|0x0000000088600000, 0x0000000088700000, 0x0000000088700000|100%| O|  |TAMS 0x0000000088700000, 0x0000000088600000| Untracked 
| 135|0x0000000088700000, 0x0000000088800000, 0x0000000088800000|100%| O|  |TAMS 0x0000000088800000, 0x0000000088700000| Untracked 
| 136|0x0000000088800000, 0x0000000088900000, 0x0000000088900000|100%| O|  |TAMS 0x0000000088900000, 0x0000000088800000| Untracked 
| 137|0x0000000088900000, 0x0000000088a00000, 0x0000000088a00000|100%| O|  |TAMS 0x0000000088a00000, 0x0000000088900000| Untracked 
| 138|0x0000000088a00000, 0x0000000088b00000, 0x0000000088b00000|100%| O|  |TAMS 0x0000000088b00000, 0x0000000088a00000| Complete 
| 139|0x0000000088b00000, 0x0000000088c00000, 0x0000000088c00000|100%|HS|  |TAMS 0x0000000088c00000, 0x0000000088b00000| Complete 
| 140|0x0000000088c00000, 0x0000000088d00000, 0x0000000088d00000|100%|HS|  |TAMS 0x0000000088d00000, 0x0000000088c00000| Complete 
| 141|0x0000000088d00000, 0x0000000088e00000, 0x0000000088e00000|100%|HS|  |TAMS 0x0000000088e00000, 0x0000000088d00000| Complete 
| 142|0x0000000088e00000, 0x0000000088f00000, 0x0000000088f00000|100%| O|  |TAMS 0x0000000088f00000, 0x0000000088e00000| Untracked 
| 143|0x0000000088f00000, 0x0000000089000000, 0x0000000089000000|100%| O|  |TAMS 0x0000000089000000, 0x0000000088f00000| Untracked 
| 144|0x0000000089000000, 0x0000000089100000, 0x0000000089100000|100%| O|  |TAMS 0x0000000089100000, 0x0000000089000000| Untracked 
| 145|0x0000000089100000, 0x0000000089200000, 0x0000000089200000|100%| O|  |TAMS 0x0000000089200000, 0x0000000089100000| Untracked 
| 146|0x0000000089200000, 0x0000000089300000, 0x0000000089300000|100%| O|  |TAMS 0x0000000089300000, 0x0000000089200000| Untracked 
| 147|0x0000000089300000, 0x0000000089400000, 0x0000000089400000|100%| O|  |TAMS 0x0000000089400000, 0x0000000089300000| Untracked 
| 148|0x0000000089400000, 0x0000000089500000, 0x0000000089500000|100%| O|  |TAMS 0x0000000089500000, 0x0000000089400000| Untracked 
| 149|0x0000000089500000, 0x0000000089600000, 0x0000000089600000|100%| O|  |TAMS 0x0000000089600000, 0x0000000089500000| Untracked 
| 150|0x0000000089600000, 0x0000000089700000, 0x0000000089700000|100%| O|  |TAMS 0x0000000089700000, 0x0000000089600000| Untracked 
| 151|0x0000000089700000, 0x0000000089800000, 0x0000000089800000|100%| O|  |TAMS 0x0000000089800000, 0x0000000089700000| Untracked 
| 152|0x0000000089800000, 0x0000000089900000, 0x0000000089900000|100%| O|  |TAMS 0x0000000089900000, 0x0000000089800000| Untracked 
| 153|0x0000000089900000, 0x0000000089a00000, 0x0000000089a00000|100%| O|  |TAMS 0x0000000089a00000, 0x0000000089900000| Untracked 
| 154|0x0000000089a00000, 0x0000000089a00000, 0x0000000089b00000|  0%| F|  |TAMS 0x0000000089a00000, 0x0000000089a00000| Untracked 
| 155|0x0000000089b00000, 0x0000000089b00000, 0x0000000089c00000|  0%| F|  |TAMS 0x0000000089b00000, 0x0000000089b00000| Untracked 
| 156|0x0000000089c00000, 0x0000000089d00000, 0x0000000089d00000|100%| O|  |TAMS 0x0000000089d00000, 0x0000000089c00000| Complete 
| 157|0x0000000089d00000, 0x0000000089e00000, 0x0000000089e00000|100%| O|  |TAMS 0x0000000089e00000, 0x0000000089d00000| Untracked 
| 158|0x0000000089e00000, 0x0000000089f00000, 0x0000000089f00000|100%| O|  |TAMS 0x0000000089f00000, 0x0000000089e00000| Untracked 
| 159|0x0000000089f00000, 0x000000008a000000, 0x000000008a000000|100%| O|  |TAMS 0x000000008a000000, 0x0000000089f00000| Untracked 
| 160|0x000000008a000000, 0x000000008a100000, 0x000000008a100000|100%| O|  |TAMS 0x000000008a100000, 0x000000008a000000| Untracked 
| 161|0x000000008a100000, 0x000000008a200000, 0x000000008a200000|100%| O|  |TAMS 0x000000008a200000, 0x000000008a100000| Untracked 
| 162|0x000000008a200000, 0x000000008a300000, 0x000000008a300000|100%| O|  |TAMS 0x000000008a300000, 0x000000008a200000| Untracked 
| 163|0x000000008a300000, 0x000000008a400000, 0x000000008a400000|100%| O|  |TAMS 0x000000008a400000, 0x000000008a300000| Untracked 
| 164|0x000000008a400000, 0x000000008a500000, 0x000000008a500000|100%| O|  |TAMS 0x000000008a500000, 0x000000008a400000| Untracked 
| 165|0x000000008a500000, 0x000000008a600000, 0x000000008a600000|100%| O|  |TAMS 0x000000008a600000, 0x000000008a500000| Untracked 
| 166|0x000000008a600000, 0x000000008a700000, 0x000000008a700000|100%| O|  |TAMS 0x000000008a700000, 0x000000008a600000| Untracked 
| 167|0x000000008a700000, 0x000000008a800000, 0x000000008a800000|100%| O|  |TAMS 0x000000008a800000, 0x000000008a700000| Untracked 
| 168|0x000000008a800000, 0x000000008a900000, 0x000000008a900000|100%| O|  |TAMS 0x000000008a900000, 0x000000008a800000| Untracked 
| 169|0x000000008a900000, 0x000000008aa00000, 0x000000008aa00000|100%| O|  |TAMS 0x000000008aa00000, 0x000000008a900000| Untracked 
| 170|0x000000008aa00000, 0x000000008ab00000, 0x000000008ab00000|100%| O|  |TAMS 0x000000008ab00000, 0x000000008aa00000| Untracked 
| 171|0x000000008ab00000, 0x000000008ac00000, 0x000000008ac00000|100%| O|  |TAMS 0x000000008ac00000, 0x000000008ab00000| Untracked 
| 172|0x000000008ac00000, 0x000000008ad00000, 0x000000008ad00000|100%| O|  |TAMS 0x000000008ad00000, 0x000000008ac00000| Untracked 
| 173|0x000000008ad00000, 0x000000008ae00000, 0x000000008ae00000|100%| O|  |TAMS 0x000000008ae00000, 0x000000008ad00000| Untracked 
| 174|0x000000008ae00000, 0x000000008af00000, 0x000000008af00000|100%| O|  |TAMS 0x000000008af00000, 0x000000008ae00000| Untracked 
| 175|0x000000008af00000, 0x000000008b000000, 0x000000008b000000|100%| O|  |TAMS 0x000000008b000000, 0x000000008af00000| Untracked 
| 176|0x000000008b000000, 0x000000008b100000, 0x000000008b100000|100%| O|  |TAMS 0x000000008b100000, 0x000000008b000000| Untracked 
| 177|0x000000008b100000, 0x000000008b200000, 0x000000008b200000|100%| O|  |TAMS 0x000000008b200000, 0x000000008b100000| Untracked 
| 178|0x000000008b200000, 0x000000008b300000, 0x000000008b300000|100%| O|  |TAMS 0x000000008b300000, 0x000000008b200000| Untracked 
| 179|0x000000008b300000, 0x000000008b400000, 0x000000008b400000|100%| O|  |TAMS 0x000000008b400000, 0x000000008b300000| Untracked 
| 180|0x000000008b400000, 0x000000008b500000, 0x000000008b500000|100%| O|  |TAMS 0x000000008b500000, 0x000000008b400000| Untracked 
| 181|0x000000008b500000, 0x000000008b600000, 0x000000008b600000|100%| O|  |TAMS 0x000000008b600000, 0x000000008b500000| Untracked 
| 182|0x000000008b600000, 0x000000008b700000, 0x000000008b700000|100%| O|  |TAMS 0x000000008b700000, 0x000000008b600000| Untracked 
| 183|0x000000008b700000, 0x000000008b800000, 0x000000008b800000|100%| O|  |TAMS 0x000000008b800000, 0x000000008b700000| Untracked 
| 184|0x000000008b800000, 0x000000008b900000, 0x000000008b900000|100%| O|  |TAMS 0x000000008b900000, 0x000000008b800000| Untracked 
| 185|0x000000008b900000, 0x000000008ba00000, 0x000000008ba00000|100%| O|  |TAMS 0x000000008ba00000, 0x000000008b900000| Untracked 
| 186|0x000000008ba00000, 0x000000008bb00000, 0x000000008bb00000|100%| O|  |TAMS 0x000000008bb00000, 0x000000008ba00000| Untracked 
| 187|0x000000008bb00000, 0x000000008bc00000, 0x000000008bc00000|100%| O|  |TAMS 0x000000008bc00000, 0x000000008bb00000| Untracked 
| 188|0x000000008bc00000, 0x000000008bd00000, 0x000000008bd00000|100%| O|  |TAMS 0x000000008bd00000, 0x000000008bc00000| Untracked 
| 189|0x000000008bd00000, 0x000000008be00000, 0x000000008be00000|100%| O|  |TAMS 0x000000008be00000, 0x000000008bd00000| Untracked 
| 190|0x000000008be00000, 0x000000008be00000, 0x000000008bf00000|  0%| F|  |TAMS 0x000000008be00000, 0x000000008be00000| Untracked 
| 191|0x000000008bf00000, 0x000000008bf00000, 0x000000008c000000|  0%| F|  |TAMS 0x000000008bf00000, 0x000000008bf00000| Untracked 
| 192|0x000000008c000000, 0x000000008c000000, 0x000000008c100000|  0%| F|  |TAMS 0x000000008c000000, 0x000000008c000000| Untracked 
| 193|0x000000008c100000, 0x000000008c200000, 0x000000008c200000|100%| O|  |TAMS 0x000000008c200000, 0x000000008c100000| Untracked 
| 194|0x000000008c200000, 0x000000008c300000, 0x000000008c300000|100%|HS|  |TAMS 0x000000008c300000, 0x000000008c200000| Complete 
| 195|0x000000008c300000, 0x000000008c400000, 0x000000008c400000|100%|HS|  |TAMS 0x000000008c400000, 0x000000008c300000| Complete 
| 196|0x000000008c400000, 0x000000008c400000, 0x000000008c500000|  0%| F|  |TAMS 0x000000008c400000, 0x000000008c400000| Untracked 
| 197|0x000000008c500000, 0x000000008c600000, 0x000000008c600000|100%| O|  |TAMS 0x000000008c600000, 0x000000008c500000| Untracked 
| 198|0x000000008c600000, 0x000000008c700000, 0x000000008c700000|100%|HS|  |TAMS 0x000000008c700000, 0x000000008c600000| Complete 
| 199|0x000000008c700000, 0x000000008c800000, 0x000000008c800000|100%| O|  |TAMS 0x000000008c800000, 0x000000008c700000| Untracked 
| 200|0x000000008c800000, 0x000000008c900000, 0x000000008c900000|100%| O|  |TAMS 0x000000008c900000, 0x000000008c800000| Untracked 
| 201|0x000000008c900000, 0x000000008ca00000, 0x000000008ca00000|100%| O|  |TAMS 0x000000008ca00000, 0x000000008c900000| Untracked 
| 202|0x000000008ca00000, 0x000000008cb00000, 0x000000008cb00000|100%| O|  |TAMS 0x000000008cb00000, 0x000000008ca00000| Untracked 
| 203|0x000000008cb00000, 0x000000008cc00000, 0x000000008cc00000|100%| O|  |TAMS 0x000000008cc00000, 0x000000008cb00000| Untracked 
| 204|0x000000008cc00000, 0x000000008cd00000, 0x000000008cd00000|100%| O|  |TAMS 0x000000008cd00000, 0x000000008cc00000| Untracked 
| 205|0x000000008cd00000, 0x000000008ce00000, 0x000000008ce00000|100%| O|  |TAMS 0x000000008ce00000, 0x000000008cd00000| Untracked 
| 206|0x000000008ce00000, 0x000000008cf00000, 0x000000008cf00000|100%| O|  |TAMS 0x000000008cf00000, 0x000000008ce00000| Untracked 
| 207|0x000000008cf00000, 0x000000008d000000, 0x000000008d000000|100%| O|  |TAMS 0x000000008d000000, 0x000000008cf00000| Untracked 
| 208|0x000000008d000000, 0x000000008d100000, 0x000000008d100000|100%| O|  |TAMS 0x000000008d100000, 0x000000008d000000| Untracked 
| 209|0x000000008d100000, 0x000000008d200000, 0x000000008d200000|100%|HS|  |TAMS 0x000000008d200000, 0x000000008d100000| Complete 
| 210|0x000000008d200000, 0x000000008d300000, 0x000000008d300000|100%| O|  |TAMS 0x000000008d300000, 0x000000008d200000| Untracked 
| 211|0x000000008d300000, 0x000000008d400000, 0x000000008d400000|100%| O|  |TAMS 0x000000008d400000, 0x000000008d300000| Untracked 
| 212|0x000000008d400000, 0x000000008d500000, 0x000000008d500000|100%| O|  |TAMS 0x000000008d500000, 0x000000008d400000| Untracked 
| 213|0x000000008d500000, 0x000000008d600000, 0x000000008d600000|100%| O|  |TAMS 0x000000008d600000, 0x000000008d500000| Untracked 
| 214|0x000000008d600000, 0x000000008d700000, 0x000000008d700000|100%| O|  |TAMS 0x000000008d700000, 0x000000008d600000| Untracked 
| 215|0x000000008d700000, 0x000000008d800000, 0x000000008d800000|100%| O|  |TAMS 0x000000008d800000, 0x000000008d700000| Untracked 
| 216|0x000000008d800000, 0x000000008d900000, 0x000000008d900000|100%| O|  |TAMS 0x000000008d900000, 0x000000008d800000| Untracked 
| 217|0x000000008d900000, 0x000000008da00000, 0x000000008da00000|100%| O|  |TAMS 0x000000008da00000, 0x000000008d900000| Untracked 
| 218|0x000000008da00000, 0x000000008db00000, 0x000000008db00000|100%| O|  |TAMS 0x000000008db00000, 0x000000008da00000| Untracked 
| 219|0x000000008db00000, 0x000000008db00000, 0x000000008dc00000|  0%| F|  |TAMS 0x000000008db00000, 0x000000008db00000| Untracked 
| 220|0x000000008dc00000, 0x000000008dc00000, 0x000000008dd00000|  0%| F|  |TAMS 0x000000008dc00000, 0x000000008dc00000| Untracked 
| 221|0x000000008dd00000, 0x000000008de00000, 0x000000008de00000|100%| O|  |TAMS 0x000000008de00000, 0x000000008dd00000| Complete 
| 222|0x000000008de00000, 0x000000008df00000, 0x000000008df00000|100%| O|  |TAMS 0x000000008df00000, 0x000000008de00000| Untracked 
| 223|0x000000008df00000, 0x000000008e000000, 0x000000008e000000|100%| O|  |TAMS 0x000000008e000000, 0x000000008df00000| Untracked 
| 224|0x000000008e000000, 0x000000008e100000, 0x000000008e100000|100%| O|  |TAMS 0x000000008e100000, 0x000000008e000000| Untracked 
| 225|0x000000008e100000, 0x000000008e200000, 0x000000008e200000|100%| O|  |TAMS 0x000000008e200000, 0x000000008e100000| Untracked 
| 226|0x000000008e200000, 0x000000008e300000, 0x000000008e300000|100%| O|  |TAMS 0x000000008e300000, 0x000000008e200000| Untracked 
| 227|0x000000008e300000, 0x000000008e400000, 0x000000008e400000|100%| O|  |TAMS 0x000000008e400000, 0x000000008e300000| Untracked 
| 228|0x000000008e400000, 0x000000008e500000, 0x000000008e500000|100%| O|  |TAMS 0x000000008e500000, 0x000000008e400000| Untracked 
| 229|0x000000008e500000, 0x000000008e600000, 0x000000008e600000|100%| O|  |TAMS 0x000000008e600000, 0x000000008e500000| Untracked 
| 230|0x000000008e600000, 0x000000008e700000, 0x000000008e700000|100%| O|  |TAMS 0x000000008e700000, 0x000000008e600000| Untracked 
| 231|0x000000008e700000, 0x000000008e800000, 0x000000008e800000|100%| O|  |TAMS 0x000000008e800000, 0x000000008e700000| Untracked 
| 232|0x000000008e800000, 0x000000008e900000, 0x000000008e900000|100%| O|  |TAMS 0x000000008e900000, 0x000000008e800000| Untracked 
| 233|0x000000008e900000, 0x000000008ea00000, 0x000000008ea00000|100%| O|  |TAMS 0x000000008ea00000, 0x000000008e900000| Untracked 
| 234|0x000000008ea00000, 0x000000008ea00000, 0x000000008eb00000|  0%| F|  |TAMS 0x000000008ea00000, 0x000000008ea00000| Untracked 
| 235|0x000000008eb00000, 0x000000008ec00000, 0x000000008ec00000|100%| O|  |TAMS 0x000000008ec00000, 0x000000008eb00000| Untracked 
| 236|0x000000008ec00000, 0x000000008ed00000, 0x000000008ed00000|100%| O|  |TAMS 0x000000008ed00000, 0x000000008ec00000| Untracked 
| 237|0x000000008ed00000, 0x000000008ee00000, 0x000000008ee00000|100%| O|  |TAMS 0x000000008ee00000, 0x000000008ed00000| Untracked 
| 238|0x000000008ee00000, 0x000000008ef00000, 0x000000008ef00000|100%| O|  |TAMS 0x000000008ef00000, 0x000000008ee00000| Untracked 
| 239|0x000000008ef00000, 0x000000008f000000, 0x000000008f000000|100%| O|  |TAMS 0x000000008f000000, 0x000000008ef00000| Untracked 
| 240|0x000000008f000000, 0x000000008f100000, 0x000000008f100000|100%| O|  |TAMS 0x000000008f100000, 0x000000008f000000| Untracked 
| 241|0x000000008f100000, 0x000000008f200000, 0x000000008f200000|100%| O|  |TAMS 0x000000008f200000, 0x000000008f100000| Untracked 
| 242|0x000000008f200000, 0x000000008f200000, 0x000000008f300000|  0%| F|  |TAMS 0x000000008f200000, 0x000000008f200000| Untracked 
| 243|0x000000008f300000, 0x000000008f400000, 0x000000008f400000|100%| O|  |TAMS 0x000000008f400000, 0x000000008f300000| Untracked 
| 244|0x000000008f400000, 0x000000008f500000, 0x000000008f500000|100%| O|  |TAMS 0x000000008f500000, 0x000000008f400000| Untracked 
| 245|0x000000008f500000, 0x000000008f500000, 0x000000008f600000|  0%| F|  |TAMS 0x000000008f500000, 0x000000008f500000| Untracked 
| 246|0x000000008f600000, 0x000000008f700000, 0x000000008f700000|100%| O|  |TAMS 0x000000008f700000, 0x000000008f600000| Untracked 
| 247|0x000000008f700000, 0x000000008f800000, 0x000000008f800000|100%| O|  |TAMS 0x000000008f800000, 0x000000008f700000| Untracked 
| 248|0x000000008f800000, 0x000000008f900000, 0x000000008f900000|100%| O|  |TAMS 0x000000008f900000, 0x000000008f800000| Untracked 
| 249|0x000000008f900000, 0x000000008fa00000, 0x000000008fa00000|100%| O|  |TAMS 0x000000008fa00000, 0x000000008f900000| Untracked 
| 250|0x000000008fa00000, 0x000000008fb00000, 0x000000008fb00000|100%| O|  |TAMS 0x000000008fb00000, 0x000000008fa00000| Untracked 
| 251|0x000000008fb00000, 0x000000008fc00000, 0x000000008fc00000|100%| O|  |TAMS 0x000000008fc00000, 0x000000008fb00000| Complete 
| 252|0x000000008fc00000, 0x000000008fd00000, 0x000000008fd00000|100%| O|  |TAMS 0x000000008fd00000, 0x000000008fc00000| Complete 
| 253|0x000000008fd00000, 0x000000008fe00000, 0x000000008fe00000|100%| O|  |TAMS 0x000000008fe00000, 0x000000008fd00000| Complete 
| 254|0x000000008fe00000, 0x000000008ff00000, 0x000000008ff00000|100%| O|  |TAMS 0x000000008ff00000, 0x000000008fe00000| Untracked 
| 255|0x000000008ff00000, 0x0000000090000000, 0x0000000090000000|100%| O|  |TAMS 0x0000000090000000, 0x000000008ff00000| Untracked 
| 256|0x0000000090000000, 0x0000000090100000, 0x0000000090100000|100%| O|  |TAMS 0x0000000090100000, 0x0000000090000000| Untracked 
| 257|0x0000000090100000, 0x0000000090200000, 0x0000000090200000|100%| O|  |TAMS 0x0000000090200000, 0x0000000090100000| Untracked 
| 258|0x0000000090200000, 0x0000000090300000, 0x0000000090300000|100%| O|  |TAMS 0x0000000090300000, 0x0000000090200000| Untracked 
| 259|0x0000000090300000, 0x0000000090400000, 0x0000000090400000|100%| O|  |TAMS 0x0000000090400000, 0x0000000090300000| Untracked 
| 260|0x0000000090400000, 0x0000000090500000, 0x0000000090500000|100%| O|  |TAMS 0x0000000090500000, 0x0000000090400000| Untracked 
| 261|0x0000000090500000, 0x0000000090600000, 0x0000000090600000|100%| O|  |TAMS 0x0000000090600000, 0x0000000090500000| Untracked 
| 262|0x0000000090600000, 0x0000000090700000, 0x0000000090700000|100%| O|  |TAMS 0x0000000090700000, 0x0000000090600000| Untracked 
| 263|0x0000000090700000, 0x0000000090800000, 0x0000000090800000|100%| O|  |TAMS 0x0000000090800000, 0x0000000090700000| Untracked 
| 264|0x0000000090800000, 0x0000000090826e00, 0x0000000090900000| 15%| O|  |TAMS 0x0000000090826e00, 0x0000000090800000| Untracked 
| 265|0x0000000090900000, 0x0000000090900000, 0x0000000090a00000|  0%| F|  |TAMS 0x0000000090900000, 0x0000000090900000| Untracked 
| 266|0x0000000090a00000, 0x0000000090a00000, 0x0000000090b00000|  0%| F|  |TAMS 0x0000000090a00000, 0x0000000090a00000| Untracked 
| 267|0x0000000090b00000, 0x0000000090b00000, 0x0000000090c00000|  0%| F|  |TAMS 0x0000000090b00000, 0x0000000090b00000| Untracked 
| 268|0x0000000090c00000, 0x0000000090c00000, 0x0000000090d00000|  0%| F|  |TAMS 0x0000000090c00000, 0x0000000090c00000| Untracked 
| 269|0x0000000090d00000, 0x0000000090d00000, 0x0000000090e00000|  0%| F|  |TAMS 0x0000000090d00000, 0x0000000090d00000| Untracked 
| 270|0x0000000090e00000, 0x0000000090e00000, 0x0000000090f00000|  0%| F|  |TAMS 0x0000000090e00000, 0x0000000090e00000| Untracked 
| 271|0x0000000090f00000, 0x0000000090f00000, 0x0000000091000000|  0%| F|  |TAMS 0x0000000090f00000, 0x0000000090f00000| Untracked 
| 272|0x0000000091000000, 0x0000000091000000, 0x0000000091100000|  0%| F|  |TAMS 0x0000000091000000, 0x0000000091000000| Untracked 
| 273|0x0000000091100000, 0x0000000091100000, 0x0000000091200000|  0%| F|  |TAMS 0x0000000091100000, 0x0000000091100000| Untracked 
| 274|0x0000000091200000, 0x0000000091200000, 0x0000000091300000|  0%| F|  |TAMS 0x0000000091200000, 0x0000000091200000| Untracked 
| 275|0x0000000091300000, 0x0000000091300000, 0x0000000091400000|  0%| F|  |TAMS 0x0000000091300000, 0x0000000091300000| Untracked 
| 276|0x0000000091400000, 0x0000000091400000, 0x0000000091500000|  0%| F|  |TAMS 0x0000000091400000, 0x0000000091400000| Untracked 
| 277|0x0000000091500000, 0x0000000091500000, 0x0000000091600000|  0%| F|  |TAMS 0x0000000091500000, 0x0000000091500000| Untracked 
| 278|0x0000000091600000, 0x0000000091600000, 0x0000000091700000|  0%| F|  |TAMS 0x0000000091600000, 0x0000000091600000| Untracked 
| 279|0x0000000091700000, 0x0000000091700000, 0x0000000091800000|  0%| F|  |TAMS 0x0000000091700000, 0x0000000091700000| Untracked 
| 280|0x0000000091800000, 0x0000000091800000, 0x0000000091900000|  0%| F|  |TAMS 0x0000000091800000, 0x0000000091800000| Untracked 
| 281|0x0000000091900000, 0x0000000091900000, 0x0000000091a00000|  0%| F|  |TAMS 0x0000000091900000, 0x0000000091900000| Untracked 
| 282|0x0000000091a00000, 0x0000000091a00000, 0x0000000091b00000|  0%| F|  |TAMS 0x0000000091a00000, 0x0000000091a00000| Untracked 
| 283|0x0000000091b00000, 0x0000000091b00000, 0x0000000091c00000|  0%| F|  |TAMS 0x0000000091b00000, 0x0000000091b00000| Untracked 
| 284|0x0000000091c00000, 0x0000000091c00000, 0x0000000091d00000|  0%| F|  |TAMS 0x0000000091c00000, 0x0000000091c00000| Untracked 
| 285|0x0000000091d00000, 0x0000000091d00000, 0x0000000091e00000|  0%| F|  |TAMS 0x0000000091d00000, 0x0000000091d00000| Untracked 
| 286|0x0000000091e00000, 0x0000000091e00000, 0x0000000091f00000|  0%| F|  |TAMS 0x0000000091e00000, 0x0000000091e00000| Untracked 
| 287|0x0000000091f00000, 0x0000000091f00000, 0x0000000092000000|  0%| F|  |TAMS 0x0000000091f00000, 0x0000000091f00000| Untracked 
| 288|0x0000000092000000, 0x0000000092000000, 0x0000000092100000|  0%| F|  |TAMS 0x0000000092000000, 0x0000000092000000| Untracked 
| 289|0x0000000092100000, 0x0000000092100000, 0x0000000092200000|  0%| F|  |TAMS 0x0000000092100000, 0x0000000092100000| Untracked 
| 290|0x0000000092200000, 0x0000000092200000, 0x0000000092300000|  0%| F|  |TAMS 0x0000000092200000, 0x0000000092200000| Untracked 
| 291|0x0000000092300000, 0x0000000092300000, 0x0000000092400000|  0%| F|  |TAMS 0x0000000092300000, 0x0000000092300000| Untracked 
| 292|0x0000000092400000, 0x0000000092400000, 0x0000000092500000|  0%| F|  |TAMS 0x0000000092400000, 0x0000000092400000| Untracked 
| 293|0x0000000092500000, 0x0000000092500000, 0x0000000092600000|  0%| F|  |TAMS 0x0000000092500000, 0x0000000092500000| Untracked 
| 294|0x0000000092600000, 0x0000000092600000, 0x0000000092700000|  0%| F|  |TAMS 0x0000000092600000, 0x0000000092600000| Untracked 
| 295|0x0000000092700000, 0x0000000092700000, 0x0000000092800000|  0%| F|  |TAMS 0x0000000092700000, 0x0000000092700000| Untracked 
| 296|0x0000000092800000, 0x0000000092800000, 0x0000000092900000|  0%| F|  |TAMS 0x0000000092800000, 0x0000000092800000| Untracked 
| 297|0x0000000092900000, 0x0000000092900000, 0x0000000092a00000|  0%| F|  |TAMS 0x0000000092900000, 0x0000000092900000| Untracked 
| 298|0x0000000092a00000, 0x0000000092a00000, 0x0000000092b00000|  0%| F|  |TAMS 0x0000000092a00000, 0x0000000092a00000| Untracked 
| 299|0x0000000092b00000, 0x0000000092b00000, 0x0000000092c00000|  0%| F|  |TAMS 0x0000000092b00000, 0x0000000092b00000| Untracked 
| 300|0x0000000092c00000, 0x0000000092c00000, 0x0000000092d00000|  0%| F|  |TAMS 0x0000000092c00000, 0x0000000092c00000| Untracked 
| 301|0x0000000092d00000, 0x0000000092d00000, 0x0000000092e00000|  0%| F|  |TAMS 0x0000000092d00000, 0x0000000092d00000| Untracked 
| 302|0x0000000092e00000, 0x0000000092e00000, 0x0000000092f00000|  0%| F|  |TAMS 0x0000000092e00000, 0x0000000092e00000| Untracked 
| 303|0x0000000092f00000, 0x0000000092f00000, 0x0000000093000000|  0%| F|  |TAMS 0x0000000092f00000, 0x0000000092f00000| Untracked 
| 304|0x0000000093000000, 0x0000000093000000, 0x0000000093100000|  0%| F|  |TAMS 0x0000000093000000, 0x0000000093000000| Untracked 
| 305|0x0000000093100000, 0x0000000093100000, 0x0000000093200000|  0%| F|  |TAMS 0x0000000093100000, 0x0000000093100000| Untracked 
| 306|0x0000000093200000, 0x0000000093200000, 0x0000000093300000|  0%| F|  |TAMS 0x0000000093200000, 0x0000000093200000| Untracked 
| 307|0x0000000093300000, 0x0000000093300000, 0x0000000093400000|  0%| F|  |TAMS 0x0000000093300000, 0x0000000093300000| Untracked 
| 308|0x0000000093400000, 0x0000000093400000, 0x0000000093500000|  0%| F|  |TAMS 0x0000000093400000, 0x0000000093400000| Untracked 
| 309|0x0000000093500000, 0x0000000093500000, 0x0000000093600000|  0%| F|  |TAMS 0x0000000093500000, 0x0000000093500000| Untracked 
| 310|0x0000000093600000, 0x0000000093600000, 0x0000000093700000|  0%| F|  |TAMS 0x0000000093600000, 0x0000000093600000| Untracked 
| 311|0x0000000093700000, 0x0000000093700000, 0x0000000093800000|  0%| F|  |TAMS 0x0000000093700000, 0x0000000093700000| Untracked 
| 312|0x0000000093800000, 0x0000000093800000, 0x0000000093900000|  0%| F|  |TAMS 0x0000000093800000, 0x0000000093800000| Untracked 
| 313|0x0000000093900000, 0x0000000093900000, 0x0000000093a00000|  0%| F|  |TAMS 0x0000000093900000, 0x0000000093900000| Untracked 
| 314|0x0000000093a00000, 0x0000000093a00000, 0x0000000093b00000|  0%| F|  |TAMS 0x0000000093a00000, 0x0000000093a00000| Untracked 
| 315|0x0000000093b00000, 0x0000000093b00000, 0x0000000093c00000|  0%| F|  |TAMS 0x0000000093b00000, 0x0000000093b00000| Untracked 
| 316|0x0000000093c00000, 0x0000000093c71d18, 0x0000000093d00000| 44%| S|CS|TAMS 0x0000000093c00000, 0x0000000093c00000| Complete 
| 317|0x0000000093d00000, 0x0000000093e00000, 0x0000000093e00000|100%| S|CS|TAMS 0x0000000093d00000, 0x0000000093d00000| Complete 
| 318|0x0000000093e00000, 0x0000000093f00000, 0x0000000093f00000|100%| S|CS|TAMS 0x0000000093e00000, 0x0000000093e00000| Complete 
| 319|0x0000000093f00000, 0x0000000094000000, 0x0000000094000000|100%| S|CS|TAMS 0x0000000093f00000, 0x0000000093f00000| Complete 
| 320|0x0000000094000000, 0x0000000094100000, 0x0000000094100000|100%| S|CS|TAMS 0x0000000094000000, 0x0000000094000000| Complete 
| 321|0x0000000094100000, 0x0000000094200000, 0x0000000094200000|100%| S|CS|TAMS 0x0000000094100000, 0x0000000094100000| Complete 
| 322|0x0000000094200000, 0x0000000094300000, 0x0000000094300000|100%| S|CS|TAMS 0x0000000094200000, 0x0000000094200000| Complete 
| 323|0x0000000094300000, 0x0000000094300000, 0x0000000094400000|  0%| F|  |TAMS 0x0000000094300000, 0x0000000094300000| Untracked 
| 324|0x0000000094400000, 0x0000000094400000, 0x0000000094500000|  0%| F|  |TAMS 0x0000000094400000, 0x0000000094400000| Untracked 
| 325|0x0000000094500000, 0x0000000094500000, 0x0000000094600000|  0%| F|  |TAMS 0x0000000094500000, 0x0000000094500000| Untracked 
| 326|0x0000000094600000, 0x0000000094600000, 0x0000000094700000|  0%| F|  |TAMS 0x0000000094600000, 0x0000000094600000| Untracked 
| 327|0x0000000094700000, 0x0000000094700000, 0x0000000094800000|  0%| F|  |TAMS 0x0000000094700000, 0x0000000094700000| Untracked 
| 328|0x0000000094800000, 0x0000000094800000, 0x0000000094900000|  0%| F|  |TAMS 0x0000000094800000, 0x0000000094800000| Untracked 
| 329|0x0000000094900000, 0x0000000094900000, 0x0000000094a00000|  0%| F|  |TAMS 0x0000000094900000, 0x0000000094900000| Untracked 
| 330|0x0000000094a00000, 0x0000000094a00000, 0x0000000094b00000|  0%| F|  |TAMS 0x0000000094a00000, 0x0000000094a00000| Untracked 
| 331|0x0000000094b00000, 0x0000000094b00000, 0x0000000094c00000|  0%| F|  |TAMS 0x0000000094b00000, 0x0000000094b00000| Untracked 
| 332|0x0000000094c00000, 0x0000000094c00000, 0x0000000094d00000|  0%| F|  |TAMS 0x0000000094c00000, 0x0000000094c00000| Untracked 
| 333|0x0000000094d00000, 0x0000000094d00000, 0x0000000094e00000|  0%| F|  |TAMS 0x0000000094d00000, 0x0000000094d00000| Untracked 
| 334|0x0000000094e00000, 0x0000000094e00000, 0x0000000094f00000|  0%| F|  |TAMS 0x0000000094e00000, 0x0000000094e00000| Untracked 
| 335|0x0000000094f00000, 0x0000000094f00000, 0x0000000095000000|  0%| F|  |TAMS 0x0000000094f00000, 0x0000000094f00000| Untracked 
| 336|0x0000000095000000, 0x0000000095000000, 0x0000000095100000|  0%| F|  |TAMS 0x0000000095000000, 0x0000000095000000| Untracked 
| 337|0x0000000095100000, 0x0000000095100000, 0x0000000095200000|  0%| F|  |TAMS 0x0000000095100000, 0x0000000095100000| Untracked 
| 338|0x0000000095200000, 0x0000000095200000, 0x0000000095300000|  0%| F|  |TAMS 0x0000000095200000, 0x0000000095200000| Untracked 
| 339|0x0000000095300000, 0x0000000095300000, 0x0000000095400000|  0%| F|  |TAMS 0x0000000095300000, 0x0000000095300000| Untracked 
| 340|0x0000000095400000, 0x0000000095400000, 0x0000000095500000|  0%| F|  |TAMS 0x0000000095400000, 0x0000000095400000| Untracked 
| 341|0x0000000095500000, 0x0000000095500000, 0x0000000095600000|  0%| F|  |TAMS 0x0000000095500000, 0x0000000095500000| Untracked 
| 342|0x0000000095600000, 0x0000000095600000, 0x0000000095700000|  0%| F|  |TAMS 0x0000000095600000, 0x0000000095600000| Untracked 
| 343|0x0000000095700000, 0x0000000095700000, 0x0000000095800000|  0%| F|  |TAMS 0x0000000095700000, 0x0000000095700000| Untracked 
| 344|0x0000000095800000, 0x0000000095800000, 0x0000000095900000|  0%| F|  |TAMS 0x0000000095800000, 0x0000000095800000| Untracked 
| 345|0x0000000095900000, 0x0000000095900000, 0x0000000095a00000|  0%| F|  |TAMS 0x0000000095900000, 0x0000000095900000| Untracked 
| 346|0x0000000095a00000, 0x0000000095a00000, 0x0000000095b00000|  0%| F|  |TAMS 0x0000000095a00000, 0x0000000095a00000| Untracked 
| 347|0x0000000095b00000, 0x0000000095b00000, 0x0000000095c00000|  0%| F|  |TAMS 0x0000000095b00000, 0x0000000095b00000| Untracked 
| 348|0x0000000095c00000, 0x0000000095c00000, 0x0000000095d00000|  0%| F|  |TAMS 0x0000000095c00000, 0x0000000095c00000| Untracked 
| 349|0x0000000095d00000, 0x0000000095d00000, 0x0000000095e00000|  0%| F|  |TAMS 0x0000000095d00000, 0x0000000095d00000| Untracked 
| 350|0x0000000095e00000, 0x0000000095e00000, 0x0000000095f00000|  0%| F|  |TAMS 0x0000000095e00000, 0x0000000095e00000| Untracked 
| 351|0x0000000095f00000, 0x0000000095f00000, 0x0000000096000000|  0%| F|  |TAMS 0x0000000095f00000, 0x0000000095f00000| Untracked 
| 352|0x0000000096000000, 0x0000000096000000, 0x0000000096100000|  0%| F|  |TAMS 0x0000000096000000, 0x0000000096000000| Untracked 
| 353|0x0000000096100000, 0x0000000096100000, 0x0000000096200000|  0%| F|  |TAMS 0x0000000096100000, 0x0000000096100000| Untracked 
| 354|0x0000000096200000, 0x0000000096200000, 0x0000000096300000|  0%| F|  |TAMS 0x0000000096200000, 0x0000000096200000| Untracked 
| 355|0x0000000096300000, 0x0000000096300000, 0x0000000096400000|  0%| F|  |TAMS 0x0000000096300000, 0x0000000096300000| Untracked 
| 356|0x0000000096400000, 0x0000000096400000, 0x0000000096500000|  0%| F|  |TAMS 0x0000000096400000, 0x0000000096400000| Untracked 
| 357|0x0000000096500000, 0x0000000096500000, 0x0000000096600000|  0%| F|  |TAMS 0x0000000096500000, 0x0000000096500000| Untracked 
| 358|0x0000000096600000, 0x0000000096600000, 0x0000000096700000|  0%| F|  |TAMS 0x0000000096600000, 0x0000000096600000| Untracked 
| 359|0x0000000096700000, 0x0000000096700000, 0x0000000096800000|  0%| F|  |TAMS 0x0000000096700000, 0x0000000096700000| Untracked 
| 360|0x0000000096800000, 0x0000000096800000, 0x0000000096900000|  0%| F|  |TAMS 0x0000000096800000, 0x0000000096800000| Untracked 
| 361|0x0000000096900000, 0x0000000096900000, 0x0000000096a00000|  0%| F|  |TAMS 0x0000000096900000, 0x0000000096900000| Untracked 
| 362|0x0000000096a00000, 0x0000000096a00000, 0x0000000096b00000|  0%| F|  |TAMS 0x0000000096a00000, 0x0000000096a00000| Untracked 
| 363|0x0000000096b00000, 0x0000000096b00000, 0x0000000096c00000|  0%| F|  |TAMS 0x0000000096b00000, 0x0000000096b00000| Untracked 
| 364|0x0000000096c00000, 0x0000000096c00000, 0x0000000096d00000|  0%| F|  |TAMS 0x0000000096c00000, 0x0000000096c00000| Untracked 
| 365|0x0000000096d00000, 0x0000000096d00000, 0x0000000096e00000|  0%| F|  |TAMS 0x0000000096d00000, 0x0000000096d00000| Untracked 
| 366|0x0000000096e00000, 0x0000000096e00000, 0x0000000096f00000|  0%| F|  |TAMS 0x0000000096e00000, 0x0000000096e00000| Untracked 
| 367|0x0000000096f00000, 0x0000000096f00000, 0x0000000097000000|  0%| F|  |TAMS 0x0000000096f00000, 0x0000000096f00000| Untracked 
| 368|0x0000000097000000, 0x0000000097000000, 0x0000000097100000|  0%| F|  |TAMS 0x0000000097000000, 0x0000000097000000| Untracked 
| 369|0x0000000097100000, 0x0000000097100000, 0x0000000097200000|  0%| F|  |TAMS 0x0000000097100000, 0x0000000097100000| Untracked 
| 370|0x0000000097200000, 0x0000000097200000, 0x0000000097300000|  0%| F|  |TAMS 0x0000000097200000, 0x0000000097200000| Untracked 
| 371|0x0000000097300000, 0x0000000097300000, 0x0000000097400000|  0%| F|  |TAMS 0x0000000097300000, 0x0000000097300000| Untracked 
| 372|0x0000000097400000, 0x0000000097400000, 0x0000000097500000|  0%| F|  |TAMS 0x0000000097400000, 0x0000000097400000| Untracked 
| 373|0x0000000097500000, 0x0000000097500000, 0x0000000097600000|  0%| F|  |TAMS 0x0000000097500000, 0x0000000097500000| Untracked 
| 374|0x0000000097600000, 0x0000000097600000, 0x0000000097700000|  0%| F|  |TAMS 0x0000000097600000, 0x0000000097600000| Untracked 
| 375|0x0000000097700000, 0x0000000097700000, 0x0000000097800000|  0%| F|  |TAMS 0x0000000097700000, 0x0000000097700000| Untracked 
| 376|0x0000000097800000, 0x0000000097800000, 0x0000000097900000|  0%| F|  |TAMS 0x0000000097800000, 0x0000000097800000| Untracked 
| 377|0x0000000097900000, 0x0000000097900000, 0x0000000097a00000|  0%| F|  |TAMS 0x0000000097900000, 0x0000000097900000| Untracked 
| 378|0x0000000097a00000, 0x0000000097a00000, 0x0000000097b00000|  0%| F|  |TAMS 0x0000000097a00000, 0x0000000097a00000| Untracked 
| 379|0x0000000097b00000, 0x0000000097b00000, 0x0000000097c00000|  0%| F|  |TAMS 0x0000000097b00000, 0x0000000097b00000| Untracked 
| 380|0x0000000097c00000, 0x0000000097c00000, 0x0000000097d00000|  0%| F|  |TAMS 0x0000000097c00000, 0x0000000097c00000| Untracked 
| 381|0x0000000097d00000, 0x0000000097d00000, 0x0000000097e00000|  0%| F|  |TAMS 0x0000000097d00000, 0x0000000097d00000| Untracked 
| 382|0x0000000097e00000, 0x0000000097e00000, 0x0000000097f00000|  0%| F|  |TAMS 0x0000000097e00000, 0x0000000097e00000| Untracked 
| 383|0x0000000097f00000, 0x0000000097f00000, 0x0000000098000000|  0%| F|  |TAMS 0x0000000097f00000, 0x0000000097f00000| Untracked 
| 384|0x0000000098000000, 0x0000000098000000, 0x0000000098100000|  0%| F|  |TAMS 0x0000000098000000, 0x0000000098000000| Untracked 
| 385|0x0000000098100000, 0x0000000098100000, 0x0000000098200000|  0%| F|  |TAMS 0x0000000098100000, 0x0000000098100000| Untracked 
| 386|0x0000000098200000, 0x0000000098200000, 0x0000000098300000|  0%| F|  |TAMS 0x0000000098200000, 0x0000000098200000| Untracked 
| 387|0x0000000098300000, 0x0000000098300000, 0x0000000098400000|  0%| F|  |TAMS 0x0000000098300000, 0x0000000098300000| Untracked 
| 388|0x0000000098400000, 0x0000000098400000, 0x0000000098500000|  0%| F|  |TAMS 0x0000000098400000, 0x0000000098400000| Untracked 
| 389|0x0000000098500000, 0x0000000098500000, 0x0000000098600000|  0%| F|  |TAMS 0x0000000098500000, 0x0000000098500000| Untracked 
| 390|0x0000000098600000, 0x0000000098600000, 0x0000000098700000|  0%| F|  |TAMS 0x0000000098600000, 0x0000000098600000| Untracked 
| 391|0x0000000098700000, 0x0000000098700000, 0x0000000098800000|  0%| F|  |TAMS 0x0000000098700000, 0x0000000098700000| Untracked 
| 392|0x0000000098800000, 0x0000000098800000, 0x0000000098900000|  0%| F|  |TAMS 0x0000000098800000, 0x0000000098800000| Untracked 
| 393|0x0000000098900000, 0x0000000098900000, 0x0000000098a00000|  0%| F|  |TAMS 0x0000000098900000, 0x0000000098900000| Untracked 
| 394|0x0000000098a00000, 0x0000000098a00000, 0x0000000098b00000|  0%| F|  |TAMS 0x0000000098a00000, 0x0000000098a00000| Untracked 
| 395|0x0000000098b00000, 0x0000000098b00000, 0x0000000098c00000|  0%| F|  |TAMS 0x0000000098b00000, 0x0000000098b00000| Untracked 
| 396|0x0000000098c00000, 0x0000000098c00000, 0x0000000098d00000|  0%| F|  |TAMS 0x0000000098c00000, 0x0000000098c00000| Untracked 
| 397|0x0000000098d00000, 0x0000000098d00000, 0x0000000098e00000|  0%| F|  |TAMS 0x0000000098d00000, 0x0000000098d00000| Untracked 
| 398|0x0000000098e00000, 0x0000000098e00000, 0x0000000098f00000|  0%| F|  |TAMS 0x0000000098e00000, 0x0000000098e00000| Untracked 
| 399|0x0000000098f00000, 0x0000000098f00000, 0x0000000099000000|  0%| F|  |TAMS 0x0000000098f00000, 0x0000000098f00000| Untracked 
| 400|0x0000000099000000, 0x0000000099000000, 0x0000000099100000|  0%| F|  |TAMS 0x0000000099000000, 0x0000000099000000| Untracked 
| 401|0x0000000099100000, 0x0000000099100000, 0x0000000099200000|  0%| F|  |TAMS 0x0000000099100000, 0x0000000099100000| Untracked 
| 402|0x0000000099200000, 0x0000000099200000, 0x0000000099300000|  0%| F|  |TAMS 0x0000000099200000, 0x0000000099200000| Untracked 
| 403|0x0000000099300000, 0x0000000099300000, 0x0000000099400000|  0%| F|  |TAMS 0x0000000099300000, 0x0000000099300000| Untracked 
| 404|0x0000000099400000, 0x0000000099400000, 0x0000000099500000|  0%| F|  |TAMS 0x0000000099400000, 0x0000000099400000| Untracked 
| 405|0x0000000099500000, 0x0000000099500000, 0x0000000099600000|  0%| F|  |TAMS 0x0000000099500000, 0x0000000099500000| Untracked 
| 406|0x0000000099600000, 0x0000000099600000, 0x0000000099700000|  0%| F|  |TAMS 0x0000000099600000, 0x0000000099600000| Untracked 
| 407|0x0000000099700000, 0x0000000099700000, 0x0000000099800000|  0%| F|  |TAMS 0x0000000099700000, 0x0000000099700000| Untracked 
| 408|0x0000000099800000, 0x0000000099800000, 0x0000000099900000|  0%| F|  |TAMS 0x0000000099800000, 0x0000000099800000| Untracked 
| 409|0x0000000099900000, 0x0000000099900000, 0x0000000099a00000|  0%| F|  |TAMS 0x0000000099900000, 0x0000000099900000| Untracked 
| 410|0x0000000099a00000, 0x0000000099a00000, 0x0000000099b00000|  0%| F|  |TAMS 0x0000000099a00000, 0x0000000099a00000| Untracked 
| 411|0x0000000099b00000, 0x0000000099b00000, 0x0000000099c00000|  0%| F|  |TAMS 0x0000000099b00000, 0x0000000099b00000| Untracked 
| 412|0x0000000099c00000, 0x0000000099c00000, 0x0000000099d00000|  0%| F|  |TAMS 0x0000000099c00000, 0x0000000099c00000| Untracked 
| 413|0x0000000099d00000, 0x0000000099d00000, 0x0000000099e00000|  0%| F|  |TAMS 0x0000000099d00000, 0x0000000099d00000| Untracked 
| 414|0x0000000099e00000, 0x0000000099e00000, 0x0000000099f00000|  0%| F|  |TAMS 0x0000000099e00000, 0x0000000099e00000| Untracked 
| 415|0x0000000099f00000, 0x0000000099f00000, 0x000000009a000000|  0%| F|  |TAMS 0x0000000099f00000, 0x0000000099f00000| Untracked 
| 416|0x000000009a000000, 0x000000009a000000, 0x000000009a100000|  0%| F|  |TAMS 0x000000009a000000, 0x000000009a000000| Untracked 
| 417|0x000000009a100000, 0x000000009a188e00, 0x000000009a200000| 53%| E|  |TAMS 0x000000009a100000, 0x000000009a100000| Complete 
| 418|0x000000009a200000, 0x000000009a300000, 0x000000009a300000|100%| E|CS|TAMS 0x000000009a200000, 0x000000009a200000| Complete 
| 419|0x000000009a300000, 0x000000009a400000, 0x000000009a400000|100%| E|CS|TAMS 0x000000009a300000, 0x000000009a300000| Complete 
| 420|0x000000009a400000, 0x000000009a500000, 0x000000009a500000|100%| E|CS|TAMS 0x000000009a400000, 0x000000009a400000| Complete 
| 421|0x000000009a500000, 0x000000009a600000, 0x000000009a600000|100%| E|CS|TAMS 0x000000009a500000, 0x000000009a500000| Complete 
| 422|0x000000009a600000, 0x000000009a700000, 0x000000009a700000|100%| E|CS|TAMS 0x000000009a600000, 0x000000009a600000| Complete 
| 423|0x000000009a700000, 0x000000009a800000, 0x000000009a800000|100%| E|CS|TAMS 0x000000009a700000, 0x000000009a700000| Complete 
| 424|0x000000009a800000, 0x000000009a900000, 0x000000009a900000|100%| E|CS|TAMS 0x000000009a800000, 0x000000009a800000| Complete 
| 425|0x000000009a900000, 0x000000009aa00000, 0x000000009aa00000|100%| E|CS|TAMS 0x000000009a900000, 0x000000009a900000| Complete 
| 426|0x000000009aa00000, 0x000000009ab00000, 0x000000009ab00000|100%| E|CS|TAMS 0x000000009aa00000, 0x000000009aa00000| Complete 
| 427|0x000000009ab00000, 0x000000009ac00000, 0x000000009ac00000|100%| E|CS|TAMS 0x000000009ab00000, 0x000000009ab00000| Complete 
| 428|0x000000009ac00000, 0x000000009ad00000, 0x000000009ad00000|100%| E|CS|TAMS 0x000000009ac00000, 0x000000009ac00000| Complete 
| 429|0x000000009ad00000, 0x000000009ae00000, 0x000000009ae00000|100%| E|CS|TAMS 0x000000009ad00000, 0x000000009ad00000| Complete 
| 430|0x000000009ae00000, 0x000000009af00000, 0x000000009af00000|100%| E|CS|TAMS 0x000000009ae00000, 0x000000009ae00000| Complete 
| 431|0x000000009af00000, 0x000000009b000000, 0x000000009b000000|100%| E|CS|TAMS 0x000000009af00000, 0x000000009af00000| Complete 
| 432|0x000000009b000000, 0x000000009b100000, 0x000000009b100000|100%| E|CS|TAMS 0x000000009b000000, 0x000000009b000000| Complete 
| 433|0x000000009b100000, 0x000000009b200000, 0x000000009b200000|100%| E|CS|TAMS 0x000000009b100000, 0x000000009b100000| Complete 
| 434|0x000000009b200000, 0x000000009b300000, 0x000000009b300000|100%| E|CS|TAMS 0x000000009b200000, 0x000000009b200000| Complete 
| 435|0x000000009b300000, 0x000000009b400000, 0x000000009b400000|100%| E|CS|TAMS 0x000000009b300000, 0x000000009b300000| Complete 
| 436|0x000000009b400000, 0x000000009b500000, 0x000000009b500000|100%| E|CS|TAMS 0x000000009b400000, 0x000000009b400000| Complete 
| 437|0x000000009b500000, 0x000000009b600000, 0x000000009b600000|100%| E|CS|TAMS 0x000000009b500000, 0x000000009b500000| Complete 
| 438|0x000000009b600000, 0x000000009b700000, 0x000000009b700000|100%| E|CS|TAMS 0x000000009b600000, 0x000000009b600000| Complete 
| 439|0x000000009b700000, 0x000000009b800000, 0x000000009b800000|100%| E|CS|TAMS 0x000000009b700000, 0x000000009b700000| Complete 
| 440|0x000000009b800000, 0x000000009b900000, 0x000000009b900000|100%| E|CS|TAMS 0x000000009b800000, 0x000000009b800000| Complete 
| 441|0x000000009b900000, 0x000000009ba00000, 0x000000009ba00000|100%| E|CS|TAMS 0x000000009b900000, 0x000000009b900000| Complete 
| 442|0x000000009ba00000, 0x000000009bb00000, 0x000000009bb00000|100%| E|  |TAMS 0x000000009ba00000, 0x000000009ba00000| Complete 
| 443|0x000000009bb00000, 0x000000009bc00000, 0x000000009bc00000|100%| E|CS|TAMS 0x000000009bb00000, 0x000000009bb00000| Complete 
| 444|0x000000009bc00000, 0x000000009bd00000, 0x000000009bd00000|100%| E|CS|TAMS 0x000000009bc00000, 0x000000009bc00000| Complete 
| 445|0x000000009bd00000, 0x000000009be00000, 0x000000009be00000|100%| E|CS|TAMS 0x000000009bd00000, 0x000000009bd00000| Complete 
| 446|0x000000009be00000, 0x000000009bf00000, 0x000000009bf00000|100%| E|CS|TAMS 0x000000009be00000, 0x000000009be00000| Complete 
| 447|0x000000009bf00000, 0x000000009c000000, 0x000000009c000000|100%| E|CS|TAMS 0x000000009bf00000, 0x000000009bf00000| Complete 
| 448|0x000000009c000000, 0x000000009c100000, 0x000000009c100000|100%| E|CS|TAMS 0x000000009c000000, 0x000000009c000000| Complete 
| 449|0x000000009c100000, 0x000000009c200000, 0x000000009c200000|100%| E|CS|TAMS 0x000000009c100000, 0x000000009c100000| Complete 
| 450|0x000000009c200000, 0x000000009c300000, 0x000000009c300000|100%| E|CS|TAMS 0x000000009c200000, 0x000000009c200000| Complete 
| 451|0x000000009c300000, 0x000000009c400000, 0x000000009c400000|100%| E|CS|TAMS 0x000000009c300000, 0x000000009c300000| Complete 

Card table byte_map: [0x0000017a4d1e0000,0x0000017a4d5e0000] _byte_map_base: 0x0000017a4cde0000

Marking Bits (Prev, Next): (CMBitMap*) 0x0000017a35ae3520, (CMBitMap*) 0x0000017a35ae3560
 Prev Bits: [0x0000017a4d9e0000, 0x0000017a4f9e0000)
 Next Bits: [0x0000017a4f9e0000, 0x0000017a519e0000)

Polling page: 0x0000017a33930000

Metaspace:

Usage:
  Non-class:    105.37 MB used.
      Class:     16.80 MB used.
       Both:    122.16 MB used.

Virtual space:
  Non-class space:      128.00 MB reserved,     106.12 MB ( 83%) committed,  2 nodes.
      Class space:      416.00 MB reserved,      17.50 MB (  4%) committed,  1 nodes.
             Both:      544.00 MB reserved,     123.62 MB ( 23%) committed. 

Chunk freelists:
   Non-Class:  5.61 MB
       Class:  14.34 MB
        Both:  19.96 MB

MaxMetaspaceSize: 512.00 MB
CompressedClassSpaceSize: 416.00 MB
Initial GC threshold: 21.00 MB
Current GC threshold: 203.69 MB
CDS: on
MetaspaceReclaimPolicy: balanced
 - commit_granule_bytes: 65536.
 - commit_granule_words: 8192.
 - virtual_space_node_default_size: 8388608.
 - enlarge_chunks_in_place: 1.
 - new_chunks_are_fully_committed: 0.
 - uncommit_free_chunks: 1.
 - use_allocation_guard: 0.
 - handle_deallocations: 1.


Internal statistics:

num_allocs_failed_limit: 12.
num_arena_births: 2094.
num_arena_deaths: 0.
num_vsnodes_births: 3.
num_vsnodes_deaths: 0.
num_space_committed: 1977.
num_space_uncommitted: 0.
num_chunks_returned_to_freelist: 12.
num_chunks_taken_from_freelist: 8058.
num_chunk_merges: 12.
num_chunk_splits: 5019.
num_chunks_enlarged: 2941.
num_inconsistent_stats: 0.

CodeHeap 'non-profiled nmethods': size=119168Kb used=13484Kb max_used=13578Kb free=105683Kb
 bounds [0x0000017a44ee0000, 0x0000017a45c40000, 0x0000017a4c340000]
CodeHeap 'profiled nmethods': size=119104Kb used=34883Kb max_used=34883Kb free=84220Kb
 bounds [0x0000017a3d340000, 0x0000017a3f560000, 0x0000017a44790000]
CodeHeap 'non-nmethods': size=7488Kb used=2495Kb max_used=4259Kb free=4993Kb
 bounds [0x0000017a44790000, 0x0000017a44bc0000, 0x0000017a44ee0000]
 total_blobs=18596 nmethods=17553 adapters=954
 compilation: enabled
              stopped_count=0, restarted_count=0
 full_count=0

Compilation events (20 events):
Event: 59.800 Thread 0x0000017a54cc0720 nmethod 21192 0x0000017a456dd710 code [0x0000017a456dd8a0, 0x0000017a456dd978]
Event: 59.800 Thread 0x0000017a54cc0720 21193       1       java.lang.management.DefaultPlatformMBeanProvider$6::mbeanInterfaceNames (5 bytes)
Event: 59.800 Thread 0x0000017a54cc0720 nmethod 21193 0x0000017a456dd410 code [0x0000017a456dd5a0, 0x0000017a456dd678]
Event: 62.280 Thread 0x0000017a54cc0720 21194       1       org.gradle.launcher.daemon.server.health.gc.GarbageCollectionEvent::getUsage (5 bytes)
Event: 62.281 Thread 0x0000017a54cc0720 nmethod 21194 0x0000017a456f6810 code [0x0000017a456f69a0, 0x0000017a456f6a78]
Event: 62.288 Thread 0x0000017a54cc0720 21195       3       org.gradle.internal.serialize.InputStreamBackedDecoder::readInt (8 bytes)
Event: 62.288 Thread 0x0000017a54cc0720 nmethod 21195 0x0000017a3f54c090 code [0x0000017a3f54c240, 0x0000017a3f54c388]
Event: 62.288 Thread 0x0000017a54cc0720 21196       3       org.gradle.internal.serialize.InputStreamBackedDecoder::readString (8 bytes)
Event: 62.289 Thread 0x0000017a54cc0720 nmethod 21196 0x0000017a3f54c490 code [0x0000017a3f54c640, 0x0000017a3f54c7e8]
Event: 65.794 Thread 0x0000017a54cc0720 21197       3       java.util.concurrent.ThreadPoolExecutor::isShutdown (12 bytes)
Event: 65.795 Thread 0x0000017a54cc0720 nmethod 21197 0x0000017a3f54c910 code [0x0000017a3f54cac0, 0x0000017a3f54ccb8]
Event: 66.790 Thread 0x0000017a54cc0720 21198       3       java.util.concurrent.ScheduledThreadPoolExecutor::canRunInCurrentRunState (61 bytes)
Event: 66.791 Thread 0x0000017a54cc0720 nmethod 21198 0x0000017a3f54cd90 code [0x0000017a3f54cfa0, 0x0000017a3f54d7a8]
Event: 72.258 Thread 0x0000017a54cc0720 21199       1       java.lang.management.MemoryUsage::getUsed (5 bytes)
Event: 72.259 Thread 0x0000017a54cc0720 nmethod 21199 0x0000017a456f6510 code [0x0000017a456f66a0, 0x0000017a456f6778]
Event: 74.799 Thread 0x0000017a54cbdc60 21200       4       org.gradle.internal.logging.text.AbstractLineChoppingStyledTextOutput$1::execute (9 bytes)
Event: 74.807 Thread 0x0000017a54cc0720 21208       3       java.lang.StringBuilder::append (9 bytes)
Event: 74.808 Thread 0x0000017a54cc0720 nmethod 21208 0x0000017a3f54da10 code [0x0000017a3f54dbe0, 0x0000017a3f54df18]
Event: 74.809 Thread 0x0000017a76a89080 21209       4       org.gradle.internal.logging.text.AbstractLineChoppingStyledTextOutput::doAppend (43 bytes)
Event: 74.809 Thread 0x0000017a76a8bb00 21204       4       org.gradle.internal.logging.text.AbstractLineChoppingStyledTextOutput$StateContext::setState (10 bytes)

GC Heap History (20 events):
Event: 38.118 GC heap before
{Heap before GC invocations=56 (full 0):
 garbage-first heap   total 363520K, used 302450K [0x0000000080000000, 0x0000000100000000)
  region size 1024K, 73 young (74752K), 11 survivors (11264K)
 Metaspace       used 117237K, committed 118592K, reserved 557056K
  class space    used 16264K, committed 16896K, reserved 425984K
}
Event: 38.133 GC heap after
{Heap after GC invocations=57 (full 0):
 garbage-first heap   total 363520K, used 248021K [0x0000000080000000, 0x0000000100000000)
  region size 1024K, 8 young (8192K), 8 survivors (8192K)
 Metaspace       used 117237K, committed 118592K, reserved 557056K
  class space    used 16264K, committed 16896K, reserved 425984K
}
Event: 38.523 GC heap before
{Heap before GC invocations=57 (full 0):
 garbage-first heap   total 363520K, used 304341K [0x0000000080000000, 0x0000000100000000)
  region size 1024K, 64 young (65536K), 8 survivors (8192K)
 Metaspace       used 117238K, committed 118592K, reserved 557056K
  class space    used 16264K, committed 16896K, reserved 425984K
}
Event: 38.536 GC heap after
{Heap after GC invocations=58 (full 0):
 garbage-first heap   total 363520K, used 251237K [0x0000000080000000, 0x0000000100000000)
  region size 1024K, 5 young (5120K), 5 survivors (5120K)
 Metaspace       used 117238K, committed 118592K, reserved 557056K
  class space    used 16264K, committed 16896K, reserved 425984K
}
Event: 39.368 GC heap before
{Heap before GC invocations=58 (full 0):
 garbage-first heap   total 363520K, used 306532K [0x0000000080000000, 0x0000000100000000)
  region size 1024K, 60 young (61440K), 5 survivors (5120K)
 Metaspace       used 117280K, committed 118592K, reserved 557056K
  class space    used 16267K, committed 16896K, reserved 425984K
}
Event: 39.377 GC heap after
{Heap after GC invocations=59 (full 0):
 garbage-first heap   total 363520K, used 253881K [0x0000000080000000, 0x0000000100000000)
  region size 1024K, 6 young (6144K), 6 survivors (6144K)
 Metaspace       used 117280K, committed 118592K, reserved 557056K
  class space    used 16267K, committed 16896K, reserved 425984K
}
Event: 39.997 GC heap before
{Heap before GC invocations=59 (full 0):
 garbage-first heap   total 363520K, used 307129K [0x0000000080000000, 0x0000000100000000)
  region size 1024K, 59 young (60416K), 6 survivors (6144K)
 Metaspace       used 117407K, committed 118784K, reserved 557056K
  class space    used 16278K, committed 16960K, reserved 425984K
}
Event: 40.005 GC heap after
{Heap after GC invocations=60 (full 0):
 garbage-first heap   total 363520K, used 255885K [0x0000000080000000, 0x0000000100000000)
  region size 1024K, 5 young (5120K), 5 survivors (5120K)
 Metaspace       used 117407K, committed 118784K, reserved 557056K
  class space    used 16278K, committed 16960K, reserved 425984K
}
Event: 40.377 GC heap before
{Heap before GC invocations=60 (full 0):
 garbage-first heap   total 363520K, used 308109K [0x0000000080000000, 0x0000000100000000)
  region size 1024K, 57 young (58368K), 5 survivors (5120K)
 Metaspace       used 117501K, committed 118912K, reserved 557056K
  class space    used 16288K, committed 16960K, reserved 425984K
}
Event: 40.391 GC heap after
{Heap after GC invocations=61 (full 0):
 garbage-first heap   total 363520K, used 258730K [0x0000000080000000, 0x0000000100000000)
  region size 1024K, 7 young (7168K), 7 survivors (7168K)
 Metaspace       used 117501K, committed 118912K, reserved 557056K
  class space    used 16288K, committed 16960K, reserved 425984K
}
Event: 41.377 GC heap before
{Heap before GC invocations=61 (full 0):
 garbage-first heap   total 363520K, used 309930K [0x0000000080000000, 0x0000000100000000)
  region size 1024K, 58 young (59392K), 7 survivors (7168K)
 Metaspace       used 117721K, committed 119104K, reserved 557056K
  class space    used 16308K, committed 16960K, reserved 425984K
}
Event: 41.385 GC heap after
{Heap after GC invocations=62 (full 0):
 garbage-first heap   total 363520K, used 261378K [0x0000000080000000, 0x0000000100000000)
  region size 1024K, 5 young (5120K), 5 survivors (5120K)
 Metaspace       used 117721K, committed 119104K, reserved 557056K
  class space    used 16308K, committed 16960K, reserved 425984K
}
Event: 42.560 GC heap before
{Heap before GC invocations=62 (full 0):
 garbage-first heap   total 363520K, used 279810K [0x0000000080000000, 0x0000000100000000)
  region size 1024K, 25 young (25600K), 5 survivors (5120K)
 Metaspace       used 118632K, committed 120000K, reserved 557056K
  class space    used 16436K, committed 17088K, reserved 425984K
}
Event: 42.582 GC heap after
{Heap after GC invocations=63 (full 0):
 garbage-first heap   total 363520K, used 263050K [0x0000000080000000, 0x0000000100000000)
  region size 1024K, 3 young (3072K), 3 survivors (3072K)
 Metaspace       used 118632K, committed 120000K, reserved 557056K
  class space    used 16436K, committed 17088K, reserved 425984K
}
Event: 43.499 GC heap before
{Heap before GC invocations=64 (full 0):
 garbage-first heap   total 447488K, used 304010K [0x0000000080000000, 0x0000000100000000)
  region size 1024K, 44 young (45056K), 3 survivors (3072K)
 Metaspace       used 120508K, committed 121920K, reserved 557056K
  class space    used 16665K, committed 17344K, reserved 425984K
}
Event: 43.510 GC heap after
{Heap after GC invocations=65 (full 0):
 garbage-first heap   total 447488K, used 266070K [0x0000000080000000, 0x0000000100000000)
  region size 1024K, 6 young (6144K), 6 survivors (6144K)
 Metaspace       used 120508K, committed 121920K, reserved 557056K
  class space    used 16665K, committed 17344K, reserved 425984K
}
Event: 43.642 GC heap before
{Heap before GC invocations=65 (full 0):
 garbage-first heap   total 447488K, used 280406K [0x0000000080000000, 0x0000000100000000)
  region size 1024K, 21 young (21504K), 6 survivors (6144K)
 Metaspace       used 120591K, committed 121984K, reserved 557056K
  class space    used 16686K, committed 17344K, reserved 425984K
}
Event: 43.665 GC heap after
{Heap after GC invocations=66 (full 0):
 garbage-first heap   total 447488K, used 258200K [0x0000000080000000, 0x0000000100000000)
  region size 1024K, 2 young (2048K), 2 survivors (2048K)
 Metaspace       used 120591K, committed 121984K, reserved 557056K
  class space    used 16686K, committed 17344K, reserved 425984K
}
Event: 45.394 GC heap before
{Heap before GC invocations=66 (full 0):
 garbage-first heap   total 447488K, used 376984K [0x0000000080000000, 0x0000000100000000)
  region size 1024K, 114 young (116736K), 2 survivors (2048K)
 Metaspace       used 123394K, committed 124928K, reserved 557056K
  class space    used 16992K, committed 17728K, reserved 425984K
}
Event: 45.408 GC heap after
{Heap after GC invocations=67 (full 0):
 garbage-first heap   total 447488K, used 262754K [0x0000000080000000, 0x0000000100000000)
  region size 1024K, 7 young (7168K), 7 survivors (7168K)
 Metaspace       used 123394K, committed 124928K, reserved 557056K
  class space    used 16992K, committed 17728K, reserved 425984K
}

Deoptimization events (20 events):
Event: 74.799 Thread 0x0000017a7eed5f60 Uncommon trap: trap_request=0xffffff45 fr.pc=0x0000017a453ddc14 relative=0x0000000000000074
Event: 74.799 Thread 0x0000017a7eed5f60 Uncommon trap: reason=unstable_if action=reinterpret pc=0x0000017a453ddc14 method=org.gradle.internal.logging.slf4j.OutputEventListenerBackedLogger.isLevelAtMost(Lorg/gradle/api/logging/LogLevel;)Z @ 11 c2
Event: 74.799 Thread 0x0000017a7eed5f60 DEOPT PACKING pc=0x0000017a453ddc14 sp=0x00000030706fe1e0
Event: 74.799 Thread 0x0000017a7eed5f60 DEOPT UNPACKING pc=0x0000017a447e23a3 sp=0x00000030706fe180 mode 2
Event: 74.799 Thread 0x0000017a7eed5f60 Uncommon trap: trap_request=0xffffffde fr.pc=0x0000017a45172024 relative=0x0000000000002524
Event: 74.799 Thread 0x0000017a7eed5f60 Uncommon trap: reason=class_check action=maybe_recompile pc=0x0000017a45172024 method=org.gradle.internal.logging.sink.OutputEventTransformer.onOutput(Lorg/gradle/internal/logging/events/OutputEvent;)V @ 272 c2
Event: 74.799 Thread 0x0000017a7eed5f60 DEOPT PACKING pc=0x0000017a45172024 sp=0x00000030706fe0f0
Event: 74.799 Thread 0x0000017a7eed5f60 DEOPT UNPACKING pc=0x0000017a447e23a3 sp=0x00000030706fe0d8 mode 2
Event: 74.806 Thread 0x0000017a7eed5f60 Uncommon trap: trap_request=0xffffff45 fr.pc=0x0000017a4568fbdc relative=0x000000000000041c
Event: 74.806 Thread 0x0000017a7eed5f60 Uncommon trap: reason=unstable_if action=reinterpret pc=0x0000017a4568fbdc method=java.lang.Module.getLayer()Ljava/lang/ModuleLayer; @ 13 c2
Event: 74.806 Thread 0x0000017a7eed5f60 DEOPT PACKING pc=0x0000017a4568fbdc sp=0x00000030706fe140
Event: 74.806 Thread 0x0000017a7eed5f60 DEOPT UNPACKING pc=0x0000017a447e23a3 sp=0x00000030706fe008 mode 2
Event: 74.806 Thread 0x0000017a7eed5f60 Uncommon trap: trap_request=0xffffff45 fr.pc=0x0000017a456935c0 relative=0x00000000000001a0
Event: 74.806 Thread 0x0000017a7eed5f60 Uncommon trap: reason=unstable_if action=reinterpret pc=0x0000017a456935c0 method=java.lang.Module.getLayer()Ljava/lang/ModuleLayer; @ 13 c2
Event: 74.806 Thread 0x0000017a7eed5f60 DEOPT PACKING pc=0x0000017a456935c0 sp=0x00000030706fe060
Event: 74.806 Thread 0x0000017a7eed5f60 DEOPT UNPACKING pc=0x0000017a447e23a3 sp=0x00000030706fdff0 mode 2
Event: 74.807 Thread 0x0000017a7eed5f60 Uncommon trap: trap_request=0xffffffde fr.pc=0x0000017a45172024 relative=0x0000000000002524
Event: 74.807 Thread 0x0000017a7eed5f60 Uncommon trap: reason=class_check action=maybe_recompile pc=0x0000017a45172024 method=org.gradle.internal.logging.sink.OutputEventTransformer.onOutput(Lorg/gradle/internal/logging/events/OutputEvent;)V @ 272 c2
Event: 74.807 Thread 0x0000017a7eed5f60 DEOPT PACKING pc=0x0000017a45172024 sp=0x00000030706fdfe0
Event: 74.808 Thread 0x0000017a7eed5f60 DEOPT UNPACKING pc=0x0000017a447e23a3 sp=0x00000030706fdfc8 mode 2

Classes unloaded (0 events):
No events

Classes redefined (0 events):
No events

Internal exceptions (20 events):
Event: 45.106 Thread 0x0000017a757b3fd0 Exception <a 'sun/nio/fs/WindowsException'{0x0000000094cc1408}> (0x0000000094cc1408) 
thrown [s\open\src\hotspot\share\prims\jni.cpp, line 516]
Event: 45.106 Thread 0x0000017a757b3fd0 Exception <a 'sun/nio/fs/WindowsException'{0x0000000094cc2ca0}> (0x0000000094cc2ca0) 
thrown [s\open\src\hotspot\share\prims\jni.cpp, line 516]
Event: 45.106 Thread 0x0000017a757b3fd0 Exception <a 'sun/nio/fs/WindowsException'{0x0000000094cc4ca8}> (0x0000000094cc4ca8) 
thrown [s\open\src\hotspot\share\prims\jni.cpp, line 516]
Event: 45.107 Thread 0x0000017a757b3fd0 Exception <a 'sun/nio/fs/WindowsException'{0x0000000094cc51d8}> (0x0000000094cc51d8) 
thrown [s\open\src\hotspot\share\prims\jni.cpp, line 516]
Event: 46.836 Thread 0x0000017a757b3fd0 Exception <a 'java/lang/NoSuchMethodError'{0x000000009bd5ced8}: 'java.lang.Object java.lang.invoke.DirectMethodHandle$Holder.invokeSpecial(java.lang.Object, java.lang.Object, java.lang.Object, java.lang.Object, long)'> (0x000000009bd5ced8) 
thrown [s\open\src\hotspot\share\interpreter\linkResolver.cpp, line 759]
Event: 46.837 Thread 0x0000017a757b3fd0 Exception <a 'java/lang/NoSuchMethodError'{0x000000009bd61258}: 'java.lang.Object java.lang.invoke.Invokers$Holder.linkToTargetMethod(java.lang.Object, java.lang.Object, long, java.lang.Object)'> (0x000000009bd61258) 
thrown [s\open\src\hotspot\share\interpreter\linkResolver.cpp, line 759]
Event: 48.351 Thread 0x0000017a757b3fd0 Exception <a 'sun/nio/fs/WindowsException'{0x000000009b608950}> (0x000000009b608950) 
thrown [s\open\src\hotspot\share\prims\jni.cpp, line 516]
Event: 74.744 Thread 0x0000017a7eed5f60 Exception <a 'sun/net/ConnectionResetException'{0x000000009a201588}: Connection reset> (0x000000009a201588) 
thrown [s\open\src\hotspot\share\prims\jni.cpp, line 535]
Event: 74.747 Thread 0x0000017a7eed5f60 Exception <a 'java/net/ConnectException'{0x000000009a204170}: Connection refused: connect> (0x000000009a204170) 
thrown [s\open\src\hotspot\share\prims\jni.cpp, line 535]
Event: 74.747 Thread 0x0000017a7eed5f60 Exception <a 'java/net/SocketException'{0x000000009a204750}: Socket is not connected: shutdown> (0x000000009a204750) 
thrown [s\open\src\hotspot\share\prims\jni.cpp, line 535]
Event: 74.758 Thread 0x0000017a7eed5f60 Exception <a 'java/net/ConnectException'{0x000000009a205228}: Connection refused: connect> (0x000000009a205228) 
thrown [s\open\src\hotspot\share\prims\jni.cpp, line 535]
Event: 74.759 Thread 0x0000017a7eed5f60 Exception <a 'java/net/SocketException'{0x000000009a205808}: Socket is not connected: shutdown> (0x000000009a205808) 
thrown [s\open\src\hotspot\share\prims\jni.cpp, line 535]
Event: 74.771 Thread 0x0000017a7eed5f60 Exception <a 'java/net/ConnectException'{0x000000009a2062e0}: Connection refused: connect> (0x000000009a2062e0) 
thrown [s\open\src\hotspot\share\prims\jni.cpp, line 535]
Event: 74.771 Thread 0x0000017a7eed5f60 Exception <a 'java/net/SocketException'{0x000000009a2068c0}: Socket is not connected: shutdown> (0x000000009a2068c0) 
thrown [s\open\src\hotspot\share\prims\jni.cpp, line 535]
Event: 74.773 Thread 0x0000017a7eed5f60 Exception <a 'java/net/ConnectException'{0x000000009a208178}: Connection refused: connect> (0x000000009a208178) 
thrown [s\open\src\hotspot\share\prims\jni.cpp, line 535]
Event: 74.773 Thread 0x0000017a7eed5f60 Exception <a 'java/net/SocketException'{0x000000009a208758}: Socket is not connected: shutdown> (0x000000009a208758) 
thrown [s\open\src\hotspot\share\prims\jni.cpp, line 535]
Event: 74.785 Thread 0x0000017a7eed5f60 Exception <a 'java/net/ConnectException'{0x000000009a209230}: Connection refused: connect> (0x000000009a209230) 
thrown [s\open\src\hotspot\share\prims\jni.cpp, line 535]
Event: 74.785 Thread 0x0000017a7eed5f60 Exception <a 'java/net/SocketException'{0x000000009a209810}: Socket is not connected: shutdown> (0x000000009a209810) 
thrown [s\open\src\hotspot\share\prims\jni.cpp, line 535]
Event: 74.798 Thread 0x0000017a7eed5f60 Exception <a 'java/net/ConnectException'{0x000000009a20a2e8}: Connection refused: connect> (0x000000009a20a2e8) 
thrown [s\open\src\hotspot\share\prims\jni.cpp, line 535]
Event: 74.798 Thread 0x0000017a7eed5f60 Exception <a 'java/net/SocketException'{0x000000009a20a8c8}: Socket is not connected: shutdown> (0x000000009a20a8c8) 
thrown [s\open\src\hotspot\share\prims\jni.cpp, line 535]

VM Operations (20 events):
Event: 45.394 Executing VM operation: G1CollectForAllocation
Event: 45.409 Executing VM operation: G1CollectForAllocation done
Event: 46.001 Executing VM operation: G1Concurrent
Event: 46.044 Executing VM operation: G1Concurrent done
Event: 46.460 Executing VM operation: G1Concurrent
Event: 46.461 Executing VM operation: G1Concurrent done
Event: 47.130 Executing VM operation: HandshakeAllThreads
Event: 47.131 Executing VM operation: HandshakeAllThreads done
Event: 47.275 Executing VM operation: HandshakeAllThreads
Event: 47.275 Executing VM operation: HandshakeAllThreads done
Event: 48.276 Executing VM operation: Cleanup
Event: 48.276 Executing VM operation: Cleanup done
Event: 48.393 Executing VM operation: HandshakeAllThreads
Event: 48.396 Executing VM operation: HandshakeAllThreads done
Event: 49.396 Executing VM operation: Cleanup
Event: 49.396 Executing VM operation: Cleanup done
Event: 60.153 Executing VM operation: HandshakeAllThreads
Event: 60.154 Executing VM operation: HandshakeAllThreads done
Event: 68.157 Executing VM operation: Cleanup
Event: 68.158 Executing VM operation: Cleanup done

Events (20 events):
Event: 48.867 Thread 0x0000017a7eecf510 Thread added: 0x0000017a7eecf510
Event: 48.868 Thread 0x0000017a7eed6e90 Thread added: 0x0000017a7eed6e90
Event: 49.360 Thread 0x0000017a762257d0 Thread exited: 0x0000017a762257d0
Event: 49.541 Thread 0x0000017a7e667490 Thread exited: 0x0000017a7e667490
Event: 49.541 Thread 0x0000017a7e66c440 Thread exited: 0x0000017a7e66c440
Event: 49.541 Thread 0x0000017a7e664f60 Thread exited: 0x0000017a7e664f60
Event: 49.541 Thread 0x0000017a76222d50 Thread exited: 0x0000017a76222d50
Event: 52.253 Thread 0x0000017a7e6689d0 Thread exited: 0x0000017a7e6689d0
Event: 52.253 Thread 0x0000017a7e6669f0 Thread exited: 0x0000017a7e6669f0
Event: 74.210 Thread 0x0000017a708d4dd0 Thread exited: 0x0000017a708d4dd0
Event: 74.210 Thread 0x0000017a708cfcd0 Thread exited: 0x0000017a708cfcd0
Event: 74.249 Thread 0x0000017a708d3480 Thread exited: 0x0000017a708d3480
Event: 74.744 loading class sun/net/ConnectionResetException
Event: 74.744 loading class sun/net/ConnectionResetException done
Event: 74.804 loading class java/lang/Throwable$WrappedPrintWriter
Event: 74.804 loading class java/lang/Throwable$PrintStreamOrWriter
Event: 74.804 loading class java/lang/Throwable$PrintStreamOrWriter done
Event: 74.804 loading class java/lang/Throwable$WrappedPrintWriter done
Event: 74.809 Thread 0x0000017a76a89080 Thread added: 0x0000017a76a89080
Event: 74.809 Thread 0x0000017a76a8bb00 Thread added: 0x0000017a76a8bb00


Dynamic libraries:
0x00007ff65a830000 - 0x00007ff65a840000 	C:\Program Files\Java\jdk-17\bin\java.exe
0x00007ffaeeb10000 - 0x00007ffaeed27000 	C:\WINDOWS\SYSTEM32\ntdll.dll
0x00007ffaed3e0000 - 0x00007ffaed4a4000 	C:\WINDOWS\System32\KERNEL32.DLL
0x00007ffaebc50000 - 0x00007ffaec023000 	C:\WINDOWS\System32\KERNELBASE.dll
0x00007ffaec610000 - 0x00007ffaec721000 	C:\WINDOWS\System32\ucrtbase.dll
0x00007ffad25e0000 - 0x00007ffad25f9000 	C:\Program Files\Java\jdk-17\bin\jli.dll
0x00007ffac7e50000 - 0x00007ffac7e6b000 	C:\Program Files\Java\jdk-17\bin\VCRUNTIME140.dll
0x00007ffaeea10000 - 0x00007ffaeeac1000 	C:\WINDOWS\System32\ADVAPI32.dll
0x00007ffaed770000 - 0x00007ffaed817000 	C:\WINDOWS\System32\msvcrt.dll
0x00007ffaecbf0000 - 0x00007ffaecc97000 	C:\WINDOWS\System32\sechost.dll
0x00007ffaec1a0000 - 0x00007ffaec1c8000 	C:\WINDOWS\System32\bcrypt.dll
0x00007ffaed620000 - 0x00007ffaed734000 	C:\WINDOWS\System32\RPCRT4.dll
0x00007ffaecf90000 - 0x00007ffaed141000 	C:\WINDOWS\System32\USER32.dll
0x00007ffaebc20000 - 0x00007ffaebc46000 	C:\WINDOWS\System32\win32u.dll
0x00007ffaed740000 - 0x00007ffaed769000 	C:\WINDOWS\System32\GDI32.dll
0x00007ffaddbd0000 - 0x00007ffadde68000 	C:\WINDOWS\WinSxS\amd64_microsoft.windows.common-controls_6595b64144ccf1df_6.0.22621.5124_none_270e8f4f7386d69d\COMCTL32.dll
0x00007ffaec4f0000 - 0x00007ffaec60b000 	C:\WINDOWS\System32\gdi32full.dll
0x00007ffaec450000 - 0x00007ffaec4ea000 	C:\WINDOWS\System32\msvcp_win.dll
0x00007ffae13c0000 - 0x00007ffae13ca000 	C:\WINDOWS\SYSTEM32\VERSION.dll
0x00007ffaee8a0000 - 0x00007ffaee8d1000 	C:\WINDOWS\System32\IMM32.DLL
0x00007ffae2650000 - 0x00007ffae265c000 	C:\Program Files\Java\jdk-17\bin\vcruntime140_1.dll
0x00007ffa87220000 - 0x00007ffa872ae000 	C:\Program Files\Java\jdk-17\bin\msvcp140.dll
0x00007ffa37d30000 - 0x00007ffa38911000 	C:\Program Files\Java\jdk-17\bin\server\jvm.dll
0x00007ffaed150000 - 0x00007ffaed158000 	C:\WINDOWS\System32\PSAPI.DLL
0x00007ffad6ab0000 - 0x00007ffad6ab9000 	C:\WINDOWS\SYSTEM32\WSOCK32.dll
0x00007ffaed240000 - 0x00007ffaed2b1000 	C:\WINDOWS\System32\WS2_32.dll
0x00007ffae91e0000 - 0x00007ffae9214000 	C:\WINDOWS\SYSTEM32\WINMM.dll
0x00007ffaeac20000 - 0x00007ffaeac38000 	C:\WINDOWS\SYSTEM32\kernel.appcore.dll
0x00007ffad4930000 - 0x00007ffad493a000 	C:\Program Files\Java\jdk-17\bin\jimage.dll
0x00007ffae9220000 - 0x00007ffae9452000 	C:\WINDOWS\SYSTEM32\DBGHELP.DLL
0x00007ffaec840000 - 0x00007ffaecbd2000 	C:\WINDOWS\System32\combase.dll
0x00007ffaed160000 - 0x00007ffaed237000 	C:\WINDOWS\System32\OLEAUT32.dll
0x00007ffae91a0000 - 0x00007ffae91d2000 	C:\WINDOWS\SYSTEM32\dbgcore.DLL
0x00007ffaec3d0000 - 0x00007ffaec44b000 	C:\WINDOWS\System32\bcryptPrimitives.dll
0x00007ffae22b0000 - 0x00007ffae22be000 	C:\Program Files\Java\jdk-17\bin\instrument.dll
0x00007ffabe030000 - 0x00007ffabe055000 	C:\Program Files\Java\jdk-17\bin\java.dll
0x00007ffa68b90000 - 0x00007ffa68c67000 	C:\Program Files\Java\jdk-17\bin\jsvml.dll
0x00007ffaede70000 - 0x00007ffaee706000 	C:\WINDOWS\System32\SHELL32.dll
0x00007ffaec1d0000 - 0x00007ffaec30f000 	C:\WINDOWS\System32\wintypes.dll
0x00007ffae9a60000 - 0x00007ffaea37a000 	C:\WINDOWS\SYSTEM32\windows.storage.dll
0x00007ffaee8e0000 - 0x00007ffaee9ea000 	C:\WINDOWS\System32\SHCORE.dll
0x00007ffaeceb0000 - 0x00007ffaecf13000 	C:\WINDOWS\System32\shlwapi.dll
0x00007ffaebb50000 - 0x00007ffaebb7b000 	C:\WINDOWS\SYSTEM32\profapi.dll
0x00007ffab43d0000 - 0x00007ffab43e8000 	C:\Program Files\Java\jdk-17\bin\zip.dll
0x00007ffabe010000 - 0x00007ffabe029000 	C:\Program Files\Java\jdk-17\bin\net.dll
0x00007ffae72c0000 - 0x00007ffae73ec000 	C:\WINDOWS\SYSTEM32\WINHTTP.dll
0x00007ffaeb090000 - 0x00007ffaeb0fa000 	C:\WINDOWS\system32\mswsock.dll
0x00007ffab4740000 - 0x00007ffab4756000 	C:\Program Files\Java\jdk-17\bin\nio.dll
0x00007ffae26b0000 - 0x00007ffae26c0000 	C:\Program Files\Java\jdk-17\bin\verify.dll
0x00007ffadcf00000 - 0x00007ffadcf27000 	C:\Users\hr.ouedraogo\.gradle\native\1def1411415f61bf3af743bc5b6707747c0891f09f0c88961ee8f79bc544acac\windows-amd64\native-platform.dll
0x00007ffaadcc0000 - 0x00007ffaadd38000 	C:\Users\hr.ouedraogo\.gradle\native\0.2.7\x86_64-windows-gnu\gradle-fileevents.dll
0x00007ffabe000000 - 0x00007ffabe00a000 	C:\Program Files\Java\jdk-17\bin\management.dll
0x00007ffab4860000 - 0x00007ffab486b000 	C:\Program Files\Java\jdk-17\bin\management_ext.dll
0x00007ffaea4a0000 - 0x00007ffaea4cd000 	C:\WINDOWS\SYSTEM32\IPHLPAPI.DLL
0x00007ffaecbe0000 - 0x00007ffaecbe9000 	C:\WINDOWS\System32\NSI.dll
0x00007ffae6f80000 - 0x00007ffae6f99000 	C:\WINDOWS\SYSTEM32\dhcpcsvc6.DLL
0x00007ffae6ef0000 - 0x00007ffae6f0f000 	C:\WINDOWS\SYSTEM32\dhcpcsvc.DLL
0x00007ffaea4d0000 - 0x00007ffaea5d2000 	C:\WINDOWS\SYSTEM32\DNSAPI.dll
0x00007ffaeb380000 - 0x00007ffaeb39b000 	C:\WINDOWS\SYSTEM32\CRYPTSP.dll
0x00007ffaeab80000 - 0x00007ffaeabb7000 	C:\WINDOWS\system32\rsaenh.dll
0x00007ffaeb130000 - 0x00007ffaeb158000 	C:\WINDOWS\SYSTEM32\USERENV.dll
0x00007ffaeb360000 - 0x00007ffaeb36c000 	C:\WINDOWS\SYSTEM32\CRYPTBASE.dll
0x00007ffab4730000 - 0x00007ffab473e000 	C:\Program Files\Java\jdk-17\bin\sunmscapi.dll
0x00007ffaec030000 - 0x00007ffaec197000 	C:\WINDOWS\System32\CRYPT32.dll
0x00007ffaeb560000 - 0x00007ffaeb58d000 	C:\WINDOWS\SYSTEM32\ncrypt.dll
0x00007ffaeb520000 - 0x00007ffaeb557000 	C:\WINDOWS\SYSTEM32\NTASN1.dll
0x00007ffad2970000 - 0x00007ffad2978000 	C:\WINDOWS\system32\wshunix.dll
0x00007ffad6cc0000 - 0x00007ffad6cd7000 	C:\WINDOWS\system32\napinsp.dll
0x00007ffad6ce0000 - 0x00007ffad6cfb000 	C:\WINDOWS\system32\pnrpnsp.dll
0x00007ffad6d00000 - 0x00007ffad6d11000 	C:\WINDOWS\System32\winrnr.dll
0x00007ffae56c0000 - 0x00007ffae56d5000 	C:\WINDOWS\system32\wshbth.dll
0x00007ffad6d20000 - 0x00007ffad6d47000 	C:\WINDOWS\system32\nlansp_c.dll
0x00007ffae5740000 - 0x00007ffae574a000 	C:\Windows\System32\rasadhlp.dll
0x00007ffae6fa0000 - 0x00007ffae7023000 	C:\WINDOWS\System32\fwpuclnt.dll
0x00007ffadc850000 - 0x00007ffadc8e7000 	C:\WINDOWS\system32\apphelp.dll
0x00007ffad68a0000 - 0x00007ffad68a7000 	C:\Program Files\Java\jdk-17\bin\rmi.dll

dbghelp: loaded successfully - version: 4.0.5 - missing functions: none
symbol engine: initialized successfully - sym options: 0x614 - pdb path: .;C:\Program Files\Java\jdk-17\bin;C:\WINDOWS\SYSTEM32;C:\WINDOWS\WinSxS\amd64_microsoft.windows.common-controls_6595b64144ccf1df_6.0.22621.5124_none_270e8f4f7386d69d;C:\Program Files\Java\jdk-17\bin\server;C:\Users\hr.ouedraogo\.gradle\native\1def1411415f61bf3af743bc5b6707747c0891f09f0c88961ee8f79bc544acac\windows-amd64;C:\Users\hr.ouedraogo\.gradle\native\0.2.7\x86_64-windows-gnu

VM Arguments:
jvm_args: --add-opens=java.base/java.lang=ALL-UNNAMED --add-opens=java.base/java.lang.invoke=ALL-UNNAMED --add-opens=java.base/java.util=ALL-UNNAMED --add-opens=java.prefs/java.util.prefs=ALL-UNNAMED --add-exports=jdk.compiler/com.sun.tools.javac.api=ALL-UNNAMED --add-exports=jdk.compiler/com.sun.tools.javac.util=ALL-UNNAMED --add-opens=java.base/java.util=ALL-UNNAMED --add-opens=java.prefs/java.util.prefs=ALL-UNNAMED --add-opens=java.base/java.nio.charset=ALL-UNNAMED --add-opens=java.base/java.net=ALL-UNNAMED --add-opens=java.base/java.util.concurrent.atomic=ALL-UNNAMED --add-opens=java.xml/javax.xml.namespace=ALL-UNNAMED -XX:MaxMetaspaceSize=512m -Xmx2048m -Dfile.encoding=windows-1252 -Duser.country=FR -Duser.language=fr -Duser.variant -javaagent:C:\Users\hr.ouedraogo\.gradle\wrapper\dists\gradle-8.13-bin\5xuhj0ry160q40clulazy9h7d\gradle-8.13\lib\agents\gradle-instrumentation-agent-8.13.jar 
java_command: org.gradle.launcher.daemon.bootstrap.GradleDaemon 8.13
java_class_path (initial): C:\Users\hr.ouedraogo\.gradle\wrapper\dists\gradle-8.13-bin\5xuhj0ry160q40clulazy9h7d\gradle-8.13\lib\gradle-daemon-main-8.13.jar
Launcher Type: SUN_STANDARD

[Global flags]
     intx CICompilerCount                          = 12                                        {product} {ergonomic}
   size_t CompressedClassSpaceSize                 = 436207616                                 {product} {ergonomic}
     uint ConcGCThreads                            = 4                                         {product} {ergonomic}
     uint G1ConcRefinementThreads                  = 15                                        {product} {ergonomic}
   size_t G1HeapRegionSize                         = 1048576                                   {product} {ergonomic}
    uintx GCDrainStackTargetSize                   = 64                                        {product} {ergonomic}
   size_t InitialHeapSize                          = 262144000                                 {product} {ergonomic}
   size_t MarkStackSize                            = 4194304                                   {product} {ergonomic}
   size_t MaxHeapSize                              = 2147483648                                {product} {command line}
   size_t MaxMetaspaceSize                         = 536870912                                 {product} {command line}
   size_t MaxNewSize                               = 1287651328                                {product} {ergonomic}
   size_t MinHeapDeltaBytes                        = 1048576                                   {product} {ergonomic}
   size_t MinHeapSize                              = 8388608                                   {product} {ergonomic}
    uintx NonNMethodCodeHeapSize                   = 7602480                                {pd product} {ergonomic}
    uintx NonProfiledCodeHeapSize                  = 122027880                              {pd product} {ergonomic}
    uintx ProfiledCodeHeapSize                     = 122027880                              {pd product} {ergonomic}
    uintx ReservedCodeCacheSize                    = 251658240                              {pd product} {ergonomic}
     bool SegmentedCodeCache                       = true                                      {product} {ergonomic}
   size_t SoftMaxHeapSize                          = 2147483648                             {manageable} {ergonomic}
     bool UseCompressedClassPointers               = true                           {product lp64_product} {ergonomic}
     bool UseCompressedOops                        = true                           {product lp64_product} {ergonomic}
     bool UseG1GC                                  = true                                      {product} {ergonomic}
     bool UseLargePagesIndividualAllocation        = false                                  {pd product} {ergonomic}

Logging:
Log output configuration:
 #0: stdout all=warning uptime,level,tags
 #1: stderr all=off uptime,level,tags

Environment Variables:
JAVA_HOME=C:\Program Files\Java\jdk-17
CLASSPATH=C:\dev\eurekaMobile\android\\gradle\wrapper\gradle-wrapper.jar
PATH=C:\dev\eurekaMobile\node_modules\.bin;C:\dev\node_modules\.bin;C:\node_modules\.bin;C:\laragon\bin\nodejs\node-v22.9.0-win-x64\node_modules\npm\node_modules\@npmcli\run-script\lib\node-gyp-bin;C:\Users\hr.ouedraogo\AppData\Local\Yarn\config\global\node_modules\.bin;C:\Users\hr.ouedraogo\AppData\Roaming\npm;C:\Users\hr.ouedraogo\AppData\Roaming\Composer\vendor\bin;;C:\laragon\bin\laragon\utils;C:\laragon\bin\mysql\mysql-8.0.30-winx64\bin;C:\laragon\bin\php\php-7.4.0;C:\laragon\bin\composer;C:\laragon\bin\apache\httpd-2.4.54-win64-VS16\bin;C:\laragon\bin\redis\redis-x64-5.0.14.1;C:\laragon\bin\nodejs\node-v22.9.0-win-x64;C:\laragon\bin\mongodb\mongodb-win32-x86_64-enterprise-windows-7.0.12\bin;C:\laragon\bin\postgresql\postgresql-14.5-1\bin;C:\laragon\bin\python\python-3.10;C:\laragon\bin\python\python-3.10\Scripts;C:\laragon\bin\nginx\nginx-1.22.0;C:\laragon\bin\notepad++;C:\laragon\bin\telnet;C:\laragon\bin\ngrok;C:\laragon\bin\git\bin;C:\laragon\bin\git\cmd;C:\laragon\bin\git\usr\bin;C:\laragon\bin\git\mingw64\bin;C:\laragon\bin;C:\laragon\usr\bin;C:\laragon\bin\cmder\vendor\conemu-maximus5\ConEmu\Scripts;C:\laragon\bin\cmder\vendor\conemu-maximus5;C:\laragon\bin\cmder\vendor\conemu-maximus5\ConEmu;C:\Program Files (x86)\Common Files\Oracle\Java\javapath;C:\DevSuiteHome_1\jdk\jre\bin\classic;C:\DevSuiteHome_1\jdk\jre\bin;C:\DevSuiteHome_1\jdk\jre\bin\client;C:\DevSuiteHome_1\jlib;C:\DevSuiteHome_1\bin;C:\DevSuiteHome_1\jre\1.4.2\bin\client;C:\DevSuiteHome_1\jre\1.4.2\bin;C:\Program Files (x86)\Oracle Client for Microsoft Tools\;C:\Users\hr.ouedraogo\Videos\oracleDB\bin;C:\oracle\instantclient_12_2;C:\WINDOWS\system32;C:\WINDOWS;C:\WINDOWS\System32\Wbem;C:\WINDOWS\System32\WindowsPowerShell\v1.0\;C:\WINDOWS\System32\OpenSSH\;C:\Program Files\Microsoft SQL Server\150\Tools\Binn\;C:\Program Files\Microsoft SQL Server\Client SDK\ODBC\170\Tools\Binn\;C:\laragon\bin\nodejs\node-v22.9.0-win-x64\;C:\Program Files (x86)\Microsoft SQL Server\160\Tools\Binn\;C:\Program File
USERNAME=hr.ouedraogo
LANG=fr_FR.UTF-8
OS=Windows_NT
PROCESSOR_IDENTIFIER=Intel64 Family 6 Model 186 Stepping 2, GenuineIntel



---------------  S Y S T E M  ---------------

OS:
 Windows 11 , 64 bit Build 22621 (10.0.22621.5124)
OS uptime: 4 days 0:04 hours
Hyper-V role detected

CPU: total 20 (initial active 20) (10 cores per cpu, 2 threads per core) family 6 model 186 stepping 2 microcode 0x411d, cx8, cmov, fxsr, ht, mmx, 3dnowpref, sse, sse2, sse3, ssse3, sse4.1, sse4.2, popcnt, lzcnt, tsc, tscinvbit, avx, avx2, aes, erms, clmul, bmi1, bmi2, adx, sha, fma, vzeroupper, clflush, clflushopt, clwb, hv

Memory: 4k page, system-wide physical 15901M (1689M free)
TotalPageFile size 35481M (AvailPageFile size 1420M)
current process WorkingSet (physical memory assigned to process): 821M, peak: 906M
current process commit charge ("private bytes"): 903M, peak: 975M

vm_info: Java HotSpot(TM) 64-Bit Server VM (17.0.13+10-LTS-268) for windows-amd64 JRE (17.0.13+10-LTS-268), built on Sep 30 2024 06:33:13 by "mach5one" with MS VC++ 17.6 (VS2022)

END.
